word,bVoice_sym1,bVoice_sym2
am, ɛm,
are, aɚ,
be, bi,
been, bɪn,
being,'bi ɪŋ,
is, ɪz,
was, wʌz,
were, wɚ,
I, aɪ,
you, ju,
the, ðʌ, ði
a, eɪ,
an, æn,
to, tu,
it, ɪt,
not, nɑt,
that, ðæt,
those, ðoʊz,
and, ænd,
of, ʌv,
did, dɪd,
do, du,
does, dʌz,
doing,'du wɪŋ,
done, dʌn,
had, hæd,
has, hæz,
have, hæv,
having,'hæ vɪŋ,
what, wʌt,
we, wi,
in, ɪn,
get, gɛt,
gets, gɛts,
getting,'gɛ ɾɪŋ,
got, gɑt,
gotten,'gɔ ɾɪn,
these, ðiz,
this, ðɪs,
mine, maɪn,
my, maɪ,
me, mi,
go, goʊ,
goes, goʊz,
going,'goʊ wɪŋ,
gone, gɔn,
went, wɛnt,
oh, oʊ,
can, kæn,
cannot, kə 'nɑt,
could, kʊd,
no, noʊ,
on, ɔn,
for, foɚ,
knew, nu,
know, noʊ,
knowing,'noʊ wɪŋ,
known, noʊn,
knows, noʊz,
just, ʤʌst,
your, joɚ,
s, ɛs,
all, ɔl,
so, soʊ,
with, wɪθ,
he, hi,
but, bʌt,
yeah, jɛ,
well, wɛl,
think, θɪŋk,
thinking,'θɪŋ kɪŋ,
thinks, θɪŋks,
thought, θɔt,
here, hiɚ,
want, wɑnt,
wanted,'wɑn tɪd,
wanting,'wɑ nɪŋ,
wants, wɑns,
out, aʊt,
about, ʌ 'baʊt,
best, bɛst,
better,'bɛ ɾɚ,
good, gʊd,
came, keɪm,
come, kʌm,
comes, kʌmz,
coming,'kʌ mɪŋ,
up, ʌp,
said, sɛd,
say, seɪ,
saying,'seɪ ɪŋ,
says, sɛz,
now, naʊ,
at, æt,
one, wʌn,
ones, wʌnz,
hey, heɪ,
they, ðeɪ,
saw, sɔ,
see, si,
seeing,'si ɪŋ,
seen, sin,
sees, siz,
if, ɪf,
how, haʊ,
like, laɪk,
liked, laɪkt,
likes, laɪks,
liking,'laɪ kɪŋ,
she, ʃi,
look, lʊk,
looked, lʊkt,
looking,'lʊ kɪŋ,
looks, lʊks,
made, meɪd,
make, meɪk,
makes, meɪks,
making,'meɪ kɪŋ,
right, ɹaɪt,
guy, gaɪ,
guys, gaɪz,
take, teɪk,
taken,'teɪ kən,
takes, teɪks,
taking,'teɪ kɪŋ,
took, tʊk,
let, lɛt,
lets, lɛts,
letting,'lɛ ɾɪŋ,
really,'ɹi li,
okay, oʊ 'keɪ,
her, hɚ,
uh, ʌ,
um, ʌm,
tell, tɛl,
telling,'tɛ lɪŋ,
tells, tɛlz,
told, toʊld,
him, hɪm,
why, waɪ,
there, ðeɚ,
who, hu,
time, taɪm,
times, taɪmz,
thing, θɪŋ,
things, θɪŋz,
from, fɹʌm,
will, wɪl,
willing,'wɪ lɪŋ,
would, wʊd,
when, wɛn,
as, æz,
because, bɪ 'kʌz,
some, sʌm,
our,'aʊ wɚ,
yes, jɛs,
back, bæk,
mean, min,
meaning,'mi nɪŋ,
means, minz,
meant, mɛnt,
man, mæn,
men, mɛn,
little,'lɪ ɾəl,
gave, geɪv,
give, gɪv,
given,'gɪ vən,
gives, gɪvz,
giving,'gɪ vɪŋ,
his, hɪz,
us, ʌs,
them, ðɛm,
need, nid,
needed,'ni ɾəd,
needing,'ni dɪŋ,
needs, nidz,
then, ðɛn,
shall, ʃæl,
should, ʃʊd,
or, oɚ,
talk, tɑk,
talked, tɑkt,
talking,'tɔ kɪŋ,
talks, tɔks,
OK,'oʊ keɪ,
something,'sʌm θɪŋ,
where, weɚ,
great, gɹeɪt,
greater,'gɹeɪ ɾɚ,
greatest,'gɹeɪ ɾɪst,
way, weɪ,
ways, weɪz,
never,'nɛ vɚ,
call, kɔl,
called, kɔld,
calling,'kɔ lɪŋ,
calls, kɑlz,
too, tu,
by, baɪ,
sorry,'sɑ ɹi,
over,'oʊ vɚ,
love, lʌv,
loved, lʌvd,
loves, lʌvz,
loving,'lʌ vɪŋ,
wait, weɪt,
waited,'weɪ ɾɪd,
waiting,'weɪ ɾɪŋ,
waits, weɪts,
more, moɚ,
down, daʊn,
day, deɪ,
days, deɪz,
two, tu,
twos, tuz,
people,'pi pəl,
God, gɑd,
very,'veɚ ɹi,
off, ɔf,
work, wɚk,
worked, wɚkt,
working,'wɚ kɪŋ,
works, wɚks,
thank, θeɪŋk,
thanked, θæŋkt,
thanking,'θeɪŋ kɪŋ,
thanks, θeɪŋks,
big, bɪg,
bigger,'bɪ gɚ,
biggest,'bɪ gɪst,
tried, tɹaɪd,
tries, ʧɹaɪz,
try, tɹɑɪ,
trying,'tɹaɪ ɪŋ,
dad, dæd,
dads, dædz,
maybe,'meɪ bi,
feel,'fi əl,
feeling,'fi lɪŋ,
feels, filz,
felt, fɛlt,
friend, fɹɛnd,
friends, fɹɛnz,
even,'i vɪn,
sure, ʃɚ,
find, faɪnd,
finding,'faɪn dɪŋ,
finds, faɪndz,
found, faʊnd,
kid, kɪd,
kids, kɪdz,
boy, boɪ,
boys, boɪz,
put, pʊt,
puts, pʊts,
putting,'pʊ ɾɪŋ,
please, pliz,
happen,'hæ pɪn,
happened,'hæ pənd,
happening,'hæ pə nɪŋ,
happens,'hæ pənz,
much, mʌʧ,
stop, stɑp,
stopped, stɑpt,
stopping,'stɑ pɪŋ,
stops, stɑps,
night, naɪt,
nights, naɪts,
bad, bæd,
worse, wɚs,
worst, wɚst,
into,'ɪn tu,
any,'ɛ ni,
first, fɚst,
leave, liv,
leaves, livz,
leaving,'li vɪŋ,
left, lɛft,
year, jiɚ,
years, jiɚz,
hear, hiɚ,
heard, hɚd,
hearing,'hiɚ ɹɪŋ,
hears, hiɚz,
ever,'ɛ vɚ,
Mr.,'mɪ stɚ,
again, ʌ 'gɛn,
use, juz,
used, juzd,
uses,'ju səz,
using,'ju zɪŋ,
mom, mɑm,
moms, mɑmz,
may, meɪ,
might, maɪt,
hi, haɪ,
life, laɪf,
lives, lɪvz,
nice, naɪs,
nicer,'naɪ sɚ,
nicest,'naɪ sɪst,
new, nu,
newer,'nu ɚ,
newest,'nu əst,
still, stɪl,
kind, kaɪnd,
kinds, kaɪnz,
anything,'ɛ ni θɪŋ,
only,'oʊn li,
babies,'beɪ biz,
baby,'beɪ bi,
than, ðæn,
fine, faɪn,
finest,'faɪ nəst,
hello, hə 'loʊ,
keep, kip,
keeping,'ki pɪŋ,
keeps, kips,
kept, kæpt,
girl,'gɚ əl,
girls,'gɚ əlz,
help, hɛlp,
helped, hɛlpt,
helping,'hɛl pɪŋ,
helps, hɛlps,
believe, bə 'liv,
believed, bɪ 'livd,
believes, bɪ 'livz,
believing, bɪ 'li vɪŋ,
woman,'wʊ mən,
women,'wɪ mɪn,
lot, lɑt,
lots, lɑts,
play, pleɪ,
played, pleɪd,
playing,'pleɪ ɪŋ,
plays, pleɪz,
ask, æsk,
asked, æst,
asking,'æ skɪŋ,
asks, æsks,
start, stɑɚt,
started,'stɑɚ tɪd,
starting,'stɑɚ tɪŋ,
starts, stɑɚts,
home, hoʊm,
homes, hoʊmz,
nothing,'nʌ θɪŋ,
hm, hm,
hmm, hʌm,
their, ðeɚ,
theirs, ðeɚz,
meet, mit,
meeting,'mi ɾɪŋ,
meets, mits,
met, mɛt,
huh, hʌ,
show, ʃoʊ,
showed, ʃoʊd,
showing,'ʃoʊ ɪŋ,
shown, ʃoʊn,
shows, ʃoʊz,
around, ə 'ɹaʊnd,
guess, gɛs,
guessed, gɛst,
guesses,'gɛ səz,
guessing,'gɛ sɪŋ,
old, oʊld,
older,'oʊl dɚ,
oldest,'oʊl dəst,
hell, hɛl,
before, bə 'foɚ,
always,'ɔl wiz,
three, θɹi,
threes, θɹiz,
wow, waʊ,
listen,'lɪ sən,
listened,'lɪ sənd,
listening,'lɪ sə nɪŋ,
listens,'lɪ sənz,
minute,'mɪ nɪt,
minutes,'mɪ nəts,
actually,'æk ʧə li,
ate, eɪt,
eat, it,
eaten,'i ɾən,
eating,'i ɾɪŋ,
eats, its,
place, pleɪs,
places,'pleɪ səz,
live, lɪv,
lived, lɪvd,
living,'lɪv ɪŋ,
away, ə 'weɪ,
after,'æf tɚ,
bring, bɹɪŋ,
bringing,'bɹɪŋ ɪŋ,
brings, bɹɪŋz,
brought, bɹɔt,
every,'ɛ vɹi,
everything,'e vɹi θɪŋ,
money,'mʌ ni,
person,'pɚ sɪn,
watch, wɑʧ,
watched, wɑʧt,
watches,'wɑ ʧɪz,
watching,'wɑ ʧɪŋ,
other,'ʌ ðɚ,
remember, ɹə 'mɛm bɚ,
remembered, ɹɪ 'mɛm bɚd,
remembering, ɹi 'mɛm bɹɪŋ,
remembers, ɹɪ 'mɛm bɚz,
house, haʊs,
houses,'haʊ səz,
wrong, ɹɔŋ,
kill, kɪl,
killed, kɪld,
killing,'kɪ lɪŋ,
kills, kɪlz,
school, skul,
schools, skulz,
everyone,'ɛ vɹi wʌn,
ran, ɹæn,
run, ɹʌn,
running,'ɹʌ nɪŋ,
runs, ɹʌnz,
late, leɪt,
later,'leɪ ɾɚ,
latest,'leɪ ɾɪst,
care, keɚ,
cared, keɚd,
cares,'keɪ ɚz,
caring,'keɚ ɹɪŋ,
car, kɑɚ,
cars, kɑz,
move, muv,
moved, muvd,
moves, muvz,
moving,'mu vɪŋ,
aah, ɑ,
ah, ɑ,
idea, aɪ 'di ə,
ideas, aɪ 'di əz,
another, ə 'nʌ ðɚ,
someone,'sʌm wʌn,
today, tə 'deɪ,
turn, tɚn,
turned, tɚnd,
turning,'tɚ nɪŋ,
turns, tɚnz,
real,'ɹi əl,
happier,'hæ pi ɚ,
happiest,'hæ pi əst,
happy,'hæ pi,
whole, hoʊl,
week, wik,
weeks, wiks,
job, ʤɑb,
jobs, ʤɑbz,
fun, fʌn,
problem,'pɹɑ bləm,
problems,'pɹɑ bləmz,
break, bɹeɪk,
breaking,'bɹeɪ kɪŋ,
breaks, bɹeɪks,
broke, bɹoʊk,
broken,'bɹoʊ kɪn,
world,'wɚ əld,
worlds, wɚldz,
which, wɪʧ,
must, mʌst,
parties,'pɑɚ tiz,
party,'pɑɚ ɾi,
bought, bɔt,
buy, baɪ,
buying,'baɪ jɪŋ,
buys, baɪz,
through, θɹu,
together, tə 'gɛ ðɚ,
room, ɹum,
rooms, ɹum,
families,'fæ mliz,
family,'fæ mli,
stay, steɪ,
stayed, steɪd,
staying,'steɪ ɪŋ,
stays, steɪz,
lose, luz,
loses,'lu zəz,
losing,'lu zɪŋ,
lost, lɔst,
stuff, stʌf,
son, sʌn,
sons, sɑnz,
stupid,'stu pɪd,
name, neɪm,
names, neɪmz,
everybody,'ɛ vɹi bʌ ɾi,
last, læst,
lasted,'læ stɪd,
lasting,'læ stɪŋ,
lasts, læsts,
long, lɔŋ,
longer,'lɔŋ gɚ,
longest,'lɑŋ gɪst,
tonight, tə 'naɪt,
child, ʧaɪld,
children,'ʧɪl ʤɹɪn,
sat, sæt,
sit, sɪt,
sits, sɪts,
sitting,'sɪ ɾɪŋ,
course, koɚs,
courses,'koɚ səz,
prettier,'pɹɪ ɾi ɚ,
prettiest,'pɹɪ ɾi əst,
pretty,'pɹɪ ɾi,
held, hɛld,
hold, hoʊld,
holding,'hoʊl dɪŋ,
holds, hoʊldz,
game, geɪm,
games, geɪmz,
forget, fɚ 'gɛt,
forgets, fɚ 'gɛts,
forgetting, fɚ 'gɛ ɾɪŋ,
forgot, fɚ 'gɑt,
forgotten, fɚ 'gɑ tɪn,
else, ɛls,
own, oʊn,
five, faɪv,
fives, faɪvz,
second,'sɛ kɪnd,
doctor,'dɑk tɚ / dɑk ɾɚ,
doctors,'dɑk tɚz,
dollar,'dɑ lɚ,
dollars,'dɑ lɚz,
enough, ɪ 'nʌf,
dog, dɔg,
dogs, dɔgz,
funnier,'fʌ ni ɚ,
funniest,'fʌ ni əst,
funny,'fʌ ni,
wear, weɚ,
wearing,'weɚ ɪŋ,
wears, weɚz,
wore, woɚ,
worn, woɚn,
die, daɪ,
died, daɪd,
dies, daɪz,
dying,'daɪ jɪŋ,
sir, sɚ,
sirs, sɚɚz,
hard, hɑɚd,
harder,'hɑɚ dɚ,
hardest,'hɑɚ dəst,
honey,'hʌ ni,
sound, saʊnd,
sounded,'saʊn dɪd,
sounding,'saʊn dɪŋ,
sounds, saʊnz,
sex, sɛks,
sexes,'sɛk səz,
hate, heɪt,
hated,'heɪ ɾəd,
hates, heɪts,
hating,'heɪ ɾɪŋ,
suppose, sə 'poʊz,
supposed, sə 'poʊzd,
supposes, sə 'poʊ zɪz,
supposing, sə 'poʊ zɪŋ,
head, hɛd,
heads, hɛdz,
understand, ʌn dɚ 'stænd,
understanding, ʌn dɚ 'stæn dɪŋ,
understands, ʌn dɚ 'stændz,
understood, ʌn dɚ 'stʊd,
whoa, hoʊ,
movie,'mu vi,
movies,'mu viz,
worried,'wɚ id,
worries,'wɚ iz,
worry,'wɚ ɹi,
worrying,'wɚ i ɪŋ,
cool,'ku əl,
cooler,'ku lɚ,
coolest,'ku ləst,
married,'mɛ ɹid,
marries,'meɚ iz,
marry,'mɛ ɹi,
marrying,'mɛ ɹi ɪŋ,
miss, mɪs,
missed, mɪst,
misses,'mɪ sɪz,
missing,'mɪ sɪŋ,
paid, peɪd,
pay, peɪ,
paying,'peɪ jɪŋ,
pays, peɪz,
hour,'aʊ wɚ,
hours, aʊɚz,
crazier,'kɹeɪ zi ɚ,
craziest,'kɹeɪ zi əst,
crazy,'kɹeɪ zi,
change, ʧeɪnʤ,
changed, ʧeɪnʤd,
changes,'ʧeɪn ʤəz,
changing,'ʧeɪn ʤɪŋ,
hot, hɑt,
hotter,'hɑ ɾɚ,
hottest,'hɑ ɾəst,
most, moʊst,
excuse, ɪk 'skjuz,
excused, ɪk 'skjuzd,
excuses, ɪk 'skju sɪz,
excusing, ɪk 'skju zɪŋ,
mother,'mʌ ðɚ,
mothers,'mʌ ðɚz,
check, ʧɛk,
checked, ʧɛkt,
checking,'ʧɛ kɪŋ,
checks, ʧɛks,
pick, pɪk,
picked, pɪkt,
picking,'pɪ kɪŋ,
picks, pɪks,
word, wɚd,
words, wɚdz,
same, seɪm,
yourself, jɚ 'sɛlf,
ready,'ɹɛ ɾi,
seem, sim,
seemed, simd,
seems, simz,
win, wɪn,
winning,'wɪ nɪŋ,
wins, wɪnz,
won, wʌn,
walk, wɔk,
walked, wɔkt,
walking,'wɔ kɪŋ,
walks, wɔks,
father,'fɑ ðɚ,
fathers,'fɑ ðɚz,
stories,'stoɚ iz,
story,'stoɚ ɹi,
already, ɔ 'ɹɛ ɾi,
hope, hoʊp,
hoped, hoʊpt,
hopes, hoʊps,
hoping,'hoʊ pɪŋ,
part, pɑɚt,
parts, pɑɚts,
open,'oʊ pɪn,
opened,'oʊ pɪnd,
opening,'oʊ pə nɪŋ,
opens,'oʊ pənz,
ladies,'leɪ ɾiz,
lady,'leɪ ɹi,
read, ɹɛd,
reading,'ɹi ɾɪŋ,
reads, ɹidz,
drank, dɹæŋk,
drink, dɹɪŋk,
drinking,'dɹɪŋ kɪŋ,
drinks, dɹɪŋks,
drunk, dɹʌŋk,
sleep, slip,
sleeping,'sli pɪŋ,
sleeps, slips,
slept, slɛpt,
number,'nʌm bɚ,
numbers,'nʌm bɚz,
write, ɹaɪt,
writes, ɹaɪts,
writing,'ɹaɪ ɾɪŋ,
written,'ɹɪ tən,
wrote, ɹoʊt,
morning,'moɚ nɪŋ,
mornings,'moɚ nɪŋz,
tomorrow, tə 'mɑ ɹoʊ,
tomorrows, tə 'mɑ ɹoʊz,
next, nɛkst,
phone, foʊn,
phones, foʊnz,
telephone,'tɛ lə foʊn,
telephones,'tɛ lə foʊnz,
four, foɚ,
once, wʌns,
somebody,'sʌm bʌ ɾi,
probably,'pɹɑ bə bli,
without, wɪ 'ðaʊt,
many,'mɛ ni,
such, sʌʧ,
eye, aɪ,
eyes, aɪz,
drive, dɹaɪv,
driven,'dɹɪ vən,
drives, dɹaɪvz,
driving,'dɹaɪ vɪŋ,
drove, dɹoʊv,
wife, waɪf,
wives, waɪvz,
book, bʊk,
books, bʊks,
hang, heɪŋ,
hanged, hæŋd,
hanging,'heɪŋ ɪŋ,
hangs, hæŋz,
hung, hʌŋ,
since, sɪns,
threw, θɹu,
throw, θɹoʊ,
throwing,'θɹoʊ ɪŋ,
thrown, θɹoʊn,
throws, θɹoʊz,
named, neɪmd,
naming,'neɪ mɪŋ,
dead, dɛd,
stand, stænd,
standing,'stæn dɪŋ,
stands, stændz,
stood, stʊd,
myself, maɪ 'sɛlf,
aw, ɔ,
dinner,'dɪ nɚ,
dinners,'dɪ nɚz,
anyone,'ɛ ni wʌn,
hand, hænd,
hands, hænz,
each, iʧ,
anyway,'ɛ ni weɪ,
television,'tɛ lə vɪ ʒɪn,
televisions,'tɛ lə vɪ ʒənz,
learn, lɚn,
learned, lɚnd,
learning,'lɚ nɪŋ,
learns, lɚnz,
shut, ʃʌt,
shuts, ʃʌts,
shutting,'ʃʌ ɾɪŋ,
town, taʊn,
towns, taʊnz,
beautiful,'bju ɾə fəl,
both, boʊθ,
date, deɪt,
dates, deɪts,
spend, spɛnd,
spending,'spɛn dɪŋ,
spends, spɛnz,
spent, spɛnt,
office,'ɑ fɪs,
offices,'ɔ fə səz,
hit, hɪt,
hits, hɪts,
hitting,'hɪ ɾɪŋ,
yet, jɛt,
save, seɪv,
saved, seɪvd,
saves, seɪvz,
saving,'seɪ vɪŋ,
true, ʧɹu,
sweet, swit,
sweeter,'swi ɾɚ,
sweetest,'swi ɾəst,
until, ʌn 'tɪl,
food, fud,
foods, fudz,
while,'waɪ əl,
send, sɛnd,
sending,'sɛn dɪŋ,
sends, sɛnz,
sent, sɛnt,
high, haɪ,
higher,'haɪ jɚ,
highest,'haɪ əst,
anymore, ɛ ni 'moɚ,
also,'ɔl soʊ,
news, nuz,
Christmas,'kɹɪ sməs,
ten, tɛn,
ass, æs,
asses,'æ səz,
business,'bɪz nɪs,
businesses,'bɪz nə səz,
couple,'kʌ pəl,
couples,'kʌ pəlz,
totally,'toʊ ɾə li,
door, doɚ,
doors, doɚz,
gay, geɪ,
exactly, ɪg 'zæk tli,
parent,'peɚ ɹɪnt,
parents,'pɛ ɹənts,
few, fju,
fewer,'fju wɚ,
fewest,'fju əst,
month, mʌnθ,
months, mʌnθs,
easier,'i zi ɚ,
easiest,'i zi əst,
easy,'i zi,
deal,'di əl,
deals, dilz,
ouch, aʊʧ,
ow, oʊ,
yow, jaʊ,
hurt, hɚt,
hurting,'hɚ ɾɪŋ,
hurts, hɚts,
nobody,'noʊ bɑ di,
perfect,'pɚ fɪkt,
lay, leɪ,
lie, laɪ,
lied, laɪd,
lies, laɪz,
lying,'laɪ ɪŋ,
free, fɹi,
freer,'fɹi ɚ,
freest,'fɹi ɪst,
young, jʌŋ,
younger,'jʌŋ gɚ,
youngest,'jʌŋ gəst,
weird, wiɚd,
weirder,'wiɚ dɚ,
weirdest,'wiɚ dəst,
whatever, wʌ 'ɾɛ vɚ,
brother,'bɹʌ ðɚ,
brothers,'bɹʌ ðɚz,
kidding,'kɪ ɾɪŋ,
ago, ɚ 'goʊ,
end, ɛnd,
ended,'ɛn dɪd,
ending,'ɛn dɪŋ,
ends, ɛnz,
others,'ʌ ðɚz,
ball, bɔl,
balls, bɔlz,
finally,'faɪ nə li,
line, laɪn,
lines, laɪnz,
its, ɪts,
ha, hɑ,
hah, hɑ,
important, ɪm 'poɚ tənt,
fall, fɔl,
fallen,'fɑ lɪn,
falling,'fɔ lɪŋ,
falls, fɔlz,
fell, fɛl,
heart, hɑɚt,
hearts, hɑɚts,
fat, fæt,
fatter,'fæ ɾɚ,
fattest,'fæ ɾəst,
class, klæs,
classes,'klæ sɪz,
shoot, ʃut,
shooting,'ʃu ɾɪŋ,
shoots, ʃuts,
shot, ʃɑt,
picture,'pɪk ʧɚ,
pictures,'pɪk ʧɚz,
sell, sɛl,
selling,'sɛ lɪŋ,
sells, sɛlz,
sold, soʊld,
side, saɪd,
sides, saɪdz,
wish, wɪʃ,
wished, wɪʃt,
wishes,'wɪ ʃɪz,
wishing,'wɪ ʃɪŋ,
mind, maɪnd,
minds, maɪndz,
hair, heɚ,
hairs,'heɪ ɚz,
cut, kʌt,
cuts, kʌts,
cutting,'kʌ ɾɪŋ,
wedding,'wɛ ɾɪŋ,
weddings,'wɛ ɾɪŋz,
reason,'ɹi zən,
reasons,'ɹi zənz,
became, bɪ 'keɪm,
become, bə 'kʌm,
becomes, bɪ 'kʌmz,
becoming, bɪ 'kʌ mɪŋ,
least, list,
bit, bɪt,
bite, baɪt,
bites, baɪts,
biting,'baɪ ɾɪŋ,
bitten,'bɪ ɾən,
fuck, fʌk,
fucked, fʌkt,
fucking,'fʌ kɪŋ,
fucks, fʌks,
under,'ʌn dɚ,
bed, bɛd,
beds, bɛdz,
paper,'peɪ pɚ,
papers,'peɪ pɚz,
different,'dɪ fɹənt,
catch, kæʧ,
catches,'kæ ʧəz,
catching,'kæ ʧɪŋ,
caught, kɔt,
set, sɛt,
sets, sɛts,
setting,'sɛ ɾɪŋ,
face, feɪs,
faces,'feɪ səz,
speak, spik,
speaking,'spi kɪŋ,
speaks, spiks,
spoke, spoʊk,
spoken,'spoʊ kɪn,
suck, sʌk,
sucked, sʌkt,
sucking,'sʌ kɪŋ,
sucks, sʌks,
sometimes,'sʌm taɪmz,
cities,'sɪ ɾiz,
city,'sɪ ɾi,
special,'spɛ ʃəl,
stick, stɪk,
sticking,'stɪ kɪŋ,
sticks, stɪks,
stuck, stʌk,
question,'kwɛs ʧɪn,
questions,'kwɛs ʧənz,
dude, dud,
dudes, dudz,
realize,'ɹi ə laɪz,
realized,'ɹi laɪzd,
realizes,'ɹi laɪ zɪz,
realizing,'ɹi laɪ zɪŋ,
birthday,'bɚθ deɪ,
birthdays,'bɚθ deɪz,
point, poɪnt,
points, poɪnts,
enjoy, ɪn 'ʤoɪ,
enjoyed, ɛn 'ʤoɪd,
enjoying, ɪn 'ʤoɪ ɪŋ,
enjoys, ɛn 'ʤoɪz,
fact, fækt,
facts, fæks,
dance, dænts,
danced, dænst,
dances,'dæn sɪz,
dancing,'dæn sɪŋ,
soon, sun,
bar, bɑɚ,
bars, bɑɚz,
wonder,'wʌn dɚ,
wondered,'wʌn dɚd,
wondering,'wʌn dɚ ɪŋ,
wonders,'wʌn dɚz,
joke, ʤoʊk,
jokes, ʤoʊks,
relationship, ɹə 'leɪ ʃən ʃɪp,
relationships, ɹə 'leɪ ʃən ʃɪps,
chance, ʧænts,
chances,'ʧæn səz,
black, blæk,
almost,'ɔl moʊst,
fight, faɪt,
fighting,'faɪ ɾɪŋ,
fights, faɪts,
fought, fɔt,
card, kɑɚd,
cards, kɑɚdz,
song, sɔŋ,
songs, sɔŋz,
bye, baɪ,
coffee,'kɑ fi,
awesome,'ɔ səm,
sick, sɪk,
sicker,'sɪ kɚ,
sickest,'sɪ kəst,
apartment, ə 'pɑɚt mənt,
apartments, ə 'pɑɚt mənts,
backs, bæks,
figure,'fɪ gjɚ,
figured,'fɪ gɚd,
figures,'fɪ gjɚz,
figuring,'fɪ gjɚ ɪŋ,
pull, pʊl,
pulled, pʊld,
pulling,'pʊ lɪŋ,
pulls, pʊlz,
box, bɑks,
boxes,'bɑk səz,
dream, dɹim,
dreams, dɹimz,
water,'wɔ ɾɚ,
decide, dɪ 'saɪd,
decided, dɪ 'saɪ ɾɪd,
decides, dɪ 'saɪdz,
deciding, dɪ 'saɪ ɾɪŋ,
store, stoɚ,
stores, stoɚz,
bet, bɛt,
bets, bɛts,
betting,'bɛ ɾɪŋ,
lunch, lʌnʧ,
lunches,'lʌn ʧɪz,
faced, feɪst,
facing,'feɪ sɪŋ,
anybody,'ɛ ni bə ɾi,
afraid, ʌ 'fɹeɪd,
buddies,'bʌ ɾiz,
buddy,'bʌ ɾi,
cute, kjut,
cuter,'kju ɾɚ,
cutest,'kju ɾɪst,
close, kloʊz,
closer,'kloʊ sɚ,
closest,'kloʊ səst,
bathroom,'bæθ ɹum,
bathrooms,'bɑ θɹumz,
minded,'maɪn dəd,
minding,'maɪn dɪŋ,
steal,'sti əl,
stealing,'sti lɪŋ,
steals, stilz,
stole, stoʊl,
stolen,'stoʊ lən,
full, fʊl,
fullest,'fʊ ləst,
companies,'kʌm pə niz,
company,'kʌm pə ni,
front, fɹʌnt,
ahead, ʌ 'hɛd,
moment,'moʊ mənt,
moments,'moʊ mənts,
case, keɪs,
cases,'keɪ səz,
dated,'deɪ ɾɪd,
dating,'deɪ ɾɪŋ,
though, ðoʊ,
bodies,'bɑ ɾiz,
body,'bɑ ɾi,
Mrs.,'mɪ sɪz,
pants, pænts,
bitch, bɪʧ,
bitches,'bɪ ʧɪz,
promise,'pɹɑ mɪs,
promised,'pɹɑ məst,
promises,'pɹɑ mə səz,
promising,'pɹɑ mə sɪŋ,
glad, glæd,
kiss, kɪs,
kissed, kɪst,
kisses,'kɪ səz,
kissing,'kɪ sɪŋ,
either, i ðɚ/'aɪ ðɚ,
fire,'faɪ jɚ,
fired,'faɪ ɚd,
firing,'faɪ ɹɪŋ,
grew, gɹu,
grow, gɹoʊ,
growing,'gɹoʊ wɪŋ,
grown, gɹoʊn,
grows, gɹoʊz,
build, bɪld,
building,'bɪl dɪŋ,
builds, bɪldz,
built, bɪlt,
table,'teɪ bəl,
tables,'teɪ bəlz,
ticket,'tɪ kɪt,
tickets,'tɪ kəts,
matter,'mæ ɾɚ,
mattered,'mæ ɾɚd,
matters,'mæ ɾɚz,
taught, tɔt,
teach, tiʧ,
teaches,'ti ʧɪz,
teaching,'ti ʧɪŋ,
cat, kæt,
cats, kæts,
sister,'sɪs tɚ / sɪs ɾɚ,
sisters,'sɪ stɚz,
girlfriend,'gɚl fɹɛnd,
girlfriends,'gɚl fɹɛnz,
hat, hæt,
hats, hæts,
touch, tʌʧ,
touched, tʌʧt,
touches,'tʌ ʧəz,
touching,'tʌ ʧɪŋ,
terrible,'tɛ ɹə bəl,
beer,'bi ɚ,
damn, dæm,
club, klʌb,
clubs, klʌbz,
amaze, ʌ 'ʌmeɪz,
amazed, ə 'meɪzd,
amazes, ə 'meɪ zɪz,
amazing, ʌ 'meɪ zɪŋ,
smell, smɛl,
smelled, smɛld,
smelling,'smɛ lɪŋ,
smells, smɛlz,
gift, gɪft,
gifts, gɪfs,
serious,'siɚ i əs,
plan, plæn,
planned, plænd,
planning,'plæ nɪŋ,
plans, plænz,
street, stɹit,
streets, stɹits,
team, tim,
teams, timz,
order,'oɚ dɚ,
ordered,'oɚ dɚd,
ordering,'oɚ dɚ ɪŋ,
orders,'oɚ dɚz,
cried, kɹaɪd,
cries, kɹaɪz,
cry, kɹaɪ,
crying,'kɹaɪ ɪŋ,
zero,'ziɚ ɹoʊ,
drop, dɹɑp,
dropped, dɹɑpt,
dropping,'dɹɑ pɪŋ,
drops, dɹɑps,
act, ækt,
acted,'æk tɪd,
acting,'æk tɪŋ,
acts, æks,
alone, ʌ 'loʊn,
seat, sit,
seats, sits,
eh, ɛ,
between, bə 'twin,
eight, eɪt,
twenty,'twɛn ti,
feet, fit,
foot, fʊt,
seven,'sɛ vɪn,
finish,'fɪ nɪʃ,
finished,'fɪ nɪʃt,
finishes,'fɪ nɪ ʃɪz,
finishing,'fɪ nɪ ʃɪŋ,
gentleman,'ʤɛn təl mɪn,
gentlemen,'ʤɛ nəl mɪn,
handed,'hæn dəd,
handing,'hæn dɪŋ,
pointed,'poɪn tɪd,
pointing,'poɪn tɪŋ,
blew, blu,
blow, bloʊ,
blowing,'bloʊ wɪŋ,
blown, bloʊn,
blows, bloʊz,
small, smɔl,
smaller,'smɔ lɚ,
smallest,'smɔ lɪst,
trouble,'ʧɹʌ bəl,
troubles,'tɹʌ bəlz,
sweetie,'swi ɾi,
sweeties,'swi ɾiz,
sang, seɪŋ,
sing, sɪŋ,
singing,'sɪŋ ɪŋ,
sings, sɪŋz,
sung, sʌŋ,
pass, pæs,
passed, pæst,
passes,'pæ səz,
passing,'pæ sɪŋ,
beat, bit,
beaten,'bi ɾən,
beating,'bi ɾɪŋ,
beats, bits,
piece, pis,
pieces,'pi səz,
shoe, ʃu,
shoes, ʃuz,
welcome,'wɛl kəm,
gods, gɑdz,
white, waɪt,
kick, kɪk,
kicked, kɪkt,
kicking,'kɪ kɪŋ,
kicks, kɪks,
bag, bæg,
bags, bægz,
earlier,'ɚ li ɚ,
earliest,'ɚ li əst,
early,'ɚ li,
excite, ɪk 'saɪt,
excited, ɪk 'saɪ ɾɪd,
excites, ɪk 'saɪts,
exciting, ɪk 'saɪ ɾɪŋ,
wonderful,'wʌn dɚ fəl,
seriously,'siɚ i ə sli,
countries,'kʌn tɹiz,
country,'kʌn ʧɹi,
mouth, maʊθ,
mouths, maʊðz,
questioned,'kwɛs ʧənd,
questioning,'kwɛs ʧə nɪŋ,
dear, diɚ,
quite, kwaɪt,
smart, smɑɚt,
smarter,'smɑɚ tɚ,
smartest,'smɑɚ təst,
husband,'hʌz bɪnd,
invite, ɪn 'vaɪt,
invited, ɪn 'vaɪ ɾəd,
invites, ɪn 'vaɪts,
inviting, ɪn 'vaɪ ɾɪŋ,
rest, ɹɛst,
rests, ɹɛsts,
yours, joɚz,
behind, bə 'haɪnd,
key, ki,
keys, kiz,
dress, dɹɛs,
dressed, dɹɛst,
dresses,'dɹɛ səz,
dressing,'ʤɹɛ sɪŋ,
red, ɹɛd,
laugh, læf,
laughed, læft,
laughing,'læ fɪŋ,
laughs, læfs,
agree, ʌ'gɹi,
agreed, ʌ 'gɹid,
agreeing, ə'gɹi ɪŋ,
agrees, ə'gɹiz,
machine, mə 'ʃin,
machines, mə 'ʃinz,
yep, jɛp,
return, ɹə 'tɚn,
returned, ɹɪ 'tɚnd,
returning, ɹɪ 'tɚ nɪŋ,
returns, ɹɪ 'tɚnz,
space, speɪs,
spaces,'speɪ səz,
mad, mæd,
truth, tɹuθ/ʧɹuθ,
truths, tɹuθs,
ice, aɪs,
ices,'aɪ səz,
follow,'fɑ loʊ,
followed,'fɑ loʊd,
following,'fɑ loʊ wɪŋ,
follows,'fɑ loʊz,
outside, aʊt 'saɪd,
idiot,'ɪ di ət,
idiots,'ɪ di əts,
rule, ɹul,
rules, ɹulz,
absolutely, æb sə 'lu tli,
against, ə 'gɛnst,
American, ʌ 'məɚ ə kɪn,
Americans, ə 'mɛ ɹə kənz,
scare, skeɚ,
scared, skeɚd,
scares, skeɚz,
scaring,'skeɚ əŋ,
notice,'noʊ ɾɪs,
noticed,'noʊ ɾəst,
notices,'noʊ ɾə səz,
noticing,'noʊ ɾɪ sɪŋ,
chicken,'ʧɪ kɪn,
chickens,'ʧɪ kɪnz,
ridden,'ɹɪ ɾən,
ride, ɹaɪd,
rides, ɹaɪdz,
riding,'ɹaɪ ɾɪŋ,
rode, ɹoʊd,
music,'mju zɪk,
join, ʤoɪn,
joined, ʤoɪnd,
joining,'ʤoɪ nɪŋ,
joins, ʤoɪnz,
goodbye, gəd 'baɪ,
ruin,'ɹu wɪn,
ruined,'ɹu ənd,
ruining,'ɹu ɪ nɪŋ,
ruins,'ɹu ənz,
war, woɚ,
wars, woɚz,
screw, skɹu,
screwed, skɹud,
screwing,'skɹu ɪŋ,
screws, skɹuz,
light, laɪt,
lights, laɪts,
along, ʌ 'lɔŋ,
poor, poɚ,
poorer,'pu ɹɚ,
poorest,'pu ɹɪst,
sense, sɛns,
senses,'sɛn sɪz,
able,'eɪ bəl,
secret,'si kɹɪt,
secrets,'si kɹəts,
flew, flu,
flies, flaɪz,
flown, floʊn,
fly, flaɪ,
flying,'flaɪ ɪŋ,
top, tɑp,
tops, tɑps,
fair, feɚ,
fairer,'fɛ ɹɚ,
fairest,'fɛ ɹɪst,
relax, ɹə 'læks,
relaxed, ɹə 'lækst,
relaxes, ɹɪ 'læk sɪz,
relaxing, ɹə 'læk sɪŋ,
boyfriend,'boɪ fɹɛnd,
boyfriends,'boɪ fɹɛnz,
mistake, mɪ 'steɪk,
mistakes, mɪ 'steɪks,
luck, lʌk,
group, gɹup,
groups, gɹups,
daughter,'dɔ ɾɚ,
daughters,'dɔ ɾɚz,
college,'kɑ lɪʤ,
colleges,'kɑ lɪ ʤɪz,
president,'pɹɛ zɪ ɾənt,
presidents,'pɹɛ zɪ ɾəns,
far, fɑɚ,
farther,'fɑɚ ðɚ,
farthest,'fɑɚ ðɪst,
further,'fɚ ðɚ,
furthest,'fɚ θəst,
sign, saɪn,
signed, saɪnd,
signing,'saɪ nɪŋ,
signs, saɪnz,
closed, kloʊzd,
closes,'kloʊ zɪz,
closing,'kloʊ zɪŋ,
message,'mɛ sɪʤ,
messages,'mɛ sə ʤəz,
freak, fɹik,
freaked, fɹikt,
freaking,'fɹi kɪŋ,
freaks, fɹiks,
fault, fɔlt,
faulted,'fɔl tɪd,
faults, fɔlts,
quick, kwɪk,
quicker,'kwɪ kɚ,
quickest,'kwɪ kɪst,
except, ɪk 'sɛpt,
single,'sɪŋ gəl,
shirt, ʃɚt,
shirts, ʃɚts,
choice, ʧoɪs,
choices,'ʧoɪ səz,
attention, ʌ 'tɛn ʃən,
power,'paʊ wɚ,
powers,'paʊ wɚ,
quit, kwɪt,
quits, kwɪts,
quitted,'kwɪ ɾɪd,
quitting,'kwɪ ɾɪŋ,
answer,'æn sɚ,
answers,'æn sɚz,
trust, tɹʌst,
trusted,'tɹʌ stɪd,
trusting,'tɹʌ stɪŋ,
trusts, tɹʌsts,
fifties,'fɪf tiz,
fifty,'fɪf ti,
leg, lɛg,
legs, lɛgz,
wake, weɪk,
waked, weɪkt,
wakes, weɪks,
waking,'weɪ kɪŋ,
woke, woʊk,
woken,'woʊ kən,
human,'hju mɪn,
star, stɑɚ,
stars, stɑɚz,
student,'stu dənt,
students,'stu dənts,
air, eɚ,'eɪ ɚ
airs, eɚz,
chair, ʧeɚ,
chairs,'ʧeɪ ɚz,
gun, gʌn,
guns, gʌnz,
began, bɪ 'gæn,
begin, bɪ 'gɪn,
beginning, bɪ 'gɪ nɪŋ,
begins, bɪ 'gɪnz,
begun, bɪ 'gʌn,
death, dɛθ,
deaths, dɛθs,
tree, tɹi,
trees, tɹiz,
boss, bɑs,
bosses,'bɔ sɪz,
present,'pɹɛ zənt,
presents, pɹi 'zɛnts,
instead, ɪn 'stɛd,
luckier,'lʌ ki ɚ,
luckiest,'lʌ ki əst,
lucky,'lʌ ki,
safe, seɪf,
safer,'seɪ fɚ,
safest,'seɪ fəst,
cold, koʊld,
colder,'koʊl dɚ,
coldest,'koʊl dəst,
ahh, ɑ,- -
explain, ɛk 'spleɪn,
explained, ɪk 'spleɪnd,
explaining, ɪk 'spleɪ nɪŋ,
explains, ɪk 'spleɪnz,
video,'vɪ ɾi oʊ,
videos,'vɪ ɾi oʊz,
brain, bɹeɪn,
brains, bɹeɪnz,
completely, kəm 'pli tli,
voice, voɪs,
voices,'voɪ səz,
cake, keɪk,
cakes, keɪks,
trip, tɹɪp,
trips, tɹɪps,
monkey,'mʌŋ ki,
monkeys,'mʌŋ kiz,
hundred,'hʌn dɹɪd,
hundreds,'hʌ nɚdz,
fix, fɪks,
fixed, fɪkst,
fixes,'fɪk sɪz,
fixing,'fɪk sɪŋ,
entire, ɪn 'taɪ ɚ,
expect, ɛk 'spɛkt,
expected, ɪk 'spɛk tɪd,
expecting, ek 'spɛk tɪŋ,
expects, ɪk 'spɛks,
million,'mɪ ljɪn,
millions,'mɪ ljənz,
allow, ʌ 'laʊ,
allowed, ə 'laʊd,
allowing, ə 'laʊ ɪŋ,
allows, ə 'laʊz,
forever, fɚ 'ɹɛ vɚ,
hid, hɪd,
hidden,'hɪ ɾɪn,
hide, haɪd,
hides, haɪdz,
hiding,'haɪ ɾɪŋ,
huge, hjuʤ,
interesting,'ɪn ʧɹə stɪŋ,
roll, ɹoʊl,
rolled, ɹoʊld,
rolling,'ɹoʊ lɪŋ,
rolls, ɹoʊlz,
clothes, kloʊðz,
fast, fæst,
faster,'fæ stɚ,
fastest,'fæ stəst,
grab, gɹæb,
grabbed, gɹæbd,
grabbing,'gɹæ bɪŋ,
grabs, gɹæbz,
teacher,'ti ʧɚ,
teachers,'ti ʧɚz,
crap, kɹæp,
craps, kɹæps,
animal,'æ nə məl,
animals,'æ nə məlz,
burn, bɚn,
burned, bɚnd,
burning,'bɚ nɪŋ,
burns, bɚnz,
tough, tʌf,
tougher,'tʌ fɚ,
toughest,'tʌ fəst,
restaurant,'ɹɛ stɹɑnt,
restaurants,'ɹɛ stɹɑnts,
sort, soɚt,
sorts, soɚts,
teeth, tiθ,
tooth, tuθ,
marriage,'mɛ ɹɪʤ,
marriages,'mɛ ɹɪ ʤɪz,
proud, pɹaʊd,
proudest,'pɹaʊ ɾəst,
uncle,'ʌŋ kəl,
uncles,'ʌŋ kəlz,
push, pʊʃ,
pushed, pʊʃt,
pushes,'pʊ ʃəz,
pushing,'pʊ ʃɪŋ,
butt, bʌt,
butts, bʌts,
offer,'ɔ fɚ,
offered,'ɔ fɚd,
offering,'ɔ fɚ ɾɪŋ,
offers,'ɔ fɚz,
lord, loɚd,
lords, loɚdz,
unless, ʌn 'lɛs,
feelings,'fi lɪŋz,
suit, sut,
suits, suts,
floor, flo2,
floors, flo2z,
cream, kɹim,
creams, kɹimz,
favorite,'feɪ vɹɪt,
naked,'neɪ kɪd,
list, lIst,
lists, lIsts,
ring, ɹɪŋ,
rings, ɹɪŋz,
clean, klin,
cleaned, klind,
cleaning,'kli nɪŋ,
cleans, klinz,
apologize, ʌ 'pɑ lə ʤaɪz,
apologized, ə 'pɑ lə ʤaɪzd,
apologizes, ə 'pɑ lə ʤaɪ zɪz,
apologizing, ʌ 'pɑ lə ʤaɪ zɪŋ,
clear, kliɚ,
clearer,'kliɚ ɚ,
clearest,'kliɚ əst,
earth, ɚθ,
share, ʃeɚ,
shared, ʃeɚd,
shares, ʃeɚz,
sharing,'ʃɛ ɹɪŋ,
fill, fɪl,
filled, fɪld,
filling,'fɪ lɪŋ,
fills, fɪlz,
pizza,'pit sə,
pizzas,'pit səz,
ridiculous, ɹə 'dɪ kjə ləs,
alive, ʌ 'laɪv,
pretend, pɹə 'tɛnd,
pretended, pɹə 'tɛn dɪd,
pretending, pɹə 'tɛn dɪŋ,
pretends, pɹə 'tɛndz,
hospital,'hɑ spɪ ɾəl,
hospitals,'hɑ spɪ ɾəlz,
sad, sæd,
saddest,'sæ ɾəst,
bunch, bʌnʧ,
half, hæf,
police, pə 'lis,
fish, fɪʃ,
fishes,'fɪ ʃəz,
window,'wɪn doʊ,
windows,'wɪn doʊz,
busier,'bɪ zi ɚ,
busiest,'bɪ zi əst,
busy,'bɪ zi,
pie, paɪ,
pies, paɪz,
answered,'æn sɚd,
answering,'æn sɚ ɹɪŋ,
raise, ɹeɪz,
raised, ɹeɪzd,
raises,'ɹeɪ zəz,
raising,'ɹeɪ zɪŋ,
somewhere,'sʌm weɚ,
sandwich,'sæn wɪʧ,
sandwiches,'sæ mwɪ ʧɪz,
thirties,'θɚ ɾiz,
thirty,'θɚ ɾi,
sale,'seɪ əl,
sales, seɪlz,
choose, ʧuz,
chooses,'ʧu zəz,
choosing,'ʧu zɪŋ,
chose, ʧoʊz,
chosen,'ʧoʊ zən,
definitely,'dɛ fə nɪt li,
swear, sweɚ,
swearing,'sweɚ ɹɪŋ,
swears,'sweɪ ɚz,
swore, swoɚ,
sworn, swoɚn,
boat, boʊt,
boats, boʊts,
tired,'taɪ jɚd,
ho, hoʊ,
upset, ʌp 'sɛt,
less, lɛs,
nine, naɪn,
thousand,'θaʊ zɪnd,
thousands,'θaʊ zɪnz,
smoke, smoʊk,
smoked, smoʊkt,
smokes, smoʊks,
smoking,'smoʊ kɪŋ,
embarrass, ɪm 'bɛ ɹəs,
embarrassed, ɪm 'beɚ ɹɪst,
embarrasses, ɪm 'bæ ɹə sɪz,
embarrassing, ɪm 'beɚ ə sɪŋ,
band, bænd,
bands, bændz,
bear, beɚ,
bearing,'beɚ ɹɪŋ,
bears, beɚz,
bore, boɚ,
born, boɚn,
none, nʌn,
Santa,'sæ nʌ,
strong, stɹɔŋ,
stronger,'stɹɔŋ gɚ,
strongest,'stɹɔŋ gəst,
law, lɔ,
laws, lɑz,
toilet,'toɪ lɪt,
toilets,'toɪ ləts,
jump, ʤʌmp,
jumped, ʤʌmt,
jumping,'ʤʌm pɪŋ,
jumps, ʤʌmps,
count, kaʊnt,
counted,'kaʊ nəd,
counting,'kaʊn tɪŋ,
counts, kaʊnts,
egg, ɛg,
eggs, ɛgz,
Saturday,'sæ ɾɚ deɪ,
Saturdays,'sæ ɾɚ deɪz,
blue, blu,
horrible,'hɑɚ ɹə bəl,
shit, ʃɪt,
shits, ʃɪts,
favor,'feɪ vɚ,
favors,'feɪ vɚz,
handle,'hæn dəl,
handled,'hæn dəld,
handles,'hæn dəlz,
handling,'hæn dlɪŋ,
wall, wɔl,
walls, wɔlz,
art, ɑɚt,
arts, ɑɚts,
cover,'kʌ vɚ,
covered,'kʌ vɚd,
covering,'kʌ vɹəŋ,
covers,'kʌ vɚz,
arm, ɑɚm,
arms, ɑɚmz,
perhaps, pɚ 'hæps,
simple,'sɪm pəl,
simpler,'sɪm plɚ,
simplest,'sɪm pləst,
bus, bʌs,
buses,'bʌ sɪz,
appreciate, ə 'pɹi ʃi eɪt,
appreciated, ə 'pɹi ʃi eɪ ɾɪd,
appreciates, ə 'pɹi ʃi eɪts,
himself, hɪm 'sɛlf,
surprise, sə 'pɹaɪz,
surprised, sə 'pɹaɪzd,
surprises, sə 'pɹaɪ zɪz,
surprising, sə 'pɹaɪ zɪŋ,
candies,'kæn diz,
candy,'kæn di,
finger,'fɪŋ gɚ,
fingers,'fɪŋ gɚz,
worth, wɚθ,
state, steɪt,
states, steɪts,
possible,'pɑ sə bəl,
rich, ɹɪʧ,
richer,'ɹɪ ʧɚ,
richest,'ɹɪ ʧəst,
short, ʃoɚt,
shorter,'ʃoɚ tɚ,
shortest,'ʃoɚ ɾɪst,
king, kɪŋ,
kings, kɪŋz,
knock, nɑk,
knocked, nɑkt,
knocking,'nɑ kɪŋ,
knocks, nɑks,
cookie,'kʊ ki,
cookies,'kʊ kiz,
penis,'pi nɪs,
penises,'pi nɪ sɪz,
histories,'hɪ stɹiz,
history,'hɪ stɚ i,
imagine, ɪ 'mæ ʤɪn,
imagined, ɪ 'mæ ʤɪnd,
imagines, ɪ 'mæ ʤənz,
imagining, ɪ 'mæ ʤə nɪŋ,
third, θɚd,
thirds, θɚdz,
blood, blʌd,
bloods, blʌdz,
drug, dɹʌg,
drugs, dɹʌgz,
future,'fju ʧɚ,
futures,'fju ʧɚz,
prove, pɹuv,
proved, pɹuvd,
proven,'pɹu vən,
proves, pɹuvz,
proving,'pɹu vɪŋ,
alright, ɔ 'ɹaɪt,
captain,'kæp tɪn,
captains,'kæp tənz,
evening,'iv nɪŋ,
evenings,'iv nɪŋz,
congratulations, kəng ɹæʧ əl 'eɪʃ ənz,
system,'sɪ stəm,
systems,'sɪ stəmz,
record, ɹə 'koɚd,
records,'ɹɛ kɚdz,
age, eɪʤ,
ages,'eɪ ʤəz,
deserve, dɪ 'zɚv,
deserved, dɪ 'zɚvd,
deserves, dɪ 'zɚvz,
deserving, dɪ 'zɚ vɪŋ,
normal,'noɚ məl,
yesterday,'jɛs tɚ deɪ,
yesterdays,'jɛ stɚ deɪz,
jerk, ʤɚk,
jerks, ʤɚks,
yay, jeɪ,
bird, bɚd,
birds, bɚdz,
bother,'bɑ ðɚ,
bothered,'bɑ ðɚd,
bothering,'bɑ ðɚ ɪŋ,
bothers,'bɑ ðɚz,
nose, noʊz,
noses,'noʊ zɪz,
fan, fæn,
fans, fænz,
letter,'lɛ ɾɚ,
letters,'lɛ ɾɚz,
rather,'ɹæ ðɚ,
headed,'hɛ ɾəd,
heading,'hɛ ɾɪŋ,
interested,'ɪn ʧɹə stɪd,
owe, oʊ,
owed, oʊd,
owes, oʊz,
owing,'oʊ ɪŋ,
pregnant,'pɹɛg nənt,
destroy, də 'stɹoɪ,
destroyed, dɪ 'stɹoɪd,
destroying, dɪ 'stɹoɪ ɪŋ,
destroys, dɪ 'stɹoɪz,
evil,'i vəl,
milk, mɪlk,
sport, spoɚt,
sports, spoɚts,
admit, əd 'mɪt,
admits, əd 'mɪts,
admitted, əd 'mɪ ɾɪd,
admitting, æd 'mɪ ɾɪŋ,
apparently, ə 'pɛ ɹən tli,
conversation, kɑn vɚ 'seɪ ʃən,
conversations, kɑn vɚ 'seɪ ʃənz,
obviously,'ɑ vi ə sli,
jacket,'ʤæ kɪt,
jackets,'ʤæ kɪts,
during,'dɚ ɹɪŋ,
accept, æk 'sɛpt,
accepted, æk 'sɛp tɪd,
accepting, æk 'sɛp tɪŋ,
accepts, æk 'sɛpts,
dumb, dʌm,
dumber,'dʌ mɚ,
dumbest,'dʌ məst,
bits, bɪts,
consider, kən 'sɪ ɾɚ,
considered, kən 'sɪ ɾɚd,
considering, kən 'sɪ ɾɚ ɪŋ,
considers, kən 'sɪ ɾɚz,
mention,'mɛn ʧɪn,
mentioned,'mɛn ʃənd,
mentioning,'mɛn ʃə nɪŋ,
mentions,'mɛn ʃənz,
step, stɛp,
stepped, stɛpt,
stepping,'stɛ pɪŋ,
steps, stɛps,
dealing,'di lɪŋ,
dealt, dɛlt,
hungrier,'hʌŋ gɹi ɚ,
hungriest,'həŋ gɹi əst,
hungry,'hʌŋ gɹi,
situation, sɪ ʧu 'eɪ ʃən,
situations, sɪ ʧu 'eɪ ʃənz,
lead, lid,
leaded,'lɛ ɾɪd,
leading,'li dɪŋ,
leads, lidz,
led, lɛd,
twelve, twɛlv,
fantastic, fæn 'tæ stɪk,
hole, hoʊl,
holes, hoʊlz,
plus, plʌs,
note, noʊt,
notes, noʊts,
test, tɛst,
tests, tɛsts,
honest,'ɑ nɪst,
character,'keɚ ək tɚ,
characters,'ʧeɚ ək tɚz,
holier,'hoʊ li ɚ,
holiest,'hoʊ li ɪst,
holy,'hoʊ li,
manager,'mæ nə ʤɚ,
managers,'mæ nə ʤɚz,
lesson,'lɛ sɪn,
lessons,'lɛ sənz,
soul, soʊl,
souls, soʊlz,
nope, noʊp,
dark, dɑɚk,
darker,'dɑɚ kɚ,
darkest,'dɑɚ kəst,
difference,'dɪ fɹəns,
differences,'dɪ fɚ ən sɪz,
wine, waɪn,
wines, waɪnz,
road, ɹoʊd,
roads, ɹoʊdz,
calm, kɑm,
calmed, kɑmd,
calming,'kɑ mɪŋ,
calms, kɑmz,
personal,'pɚ sə nəl,
clown, klaʊn,
clowns, klaʊnz,
computer, kəm 'pju ɾɚ,
computers, kəm 'pju ɾɚz,
horse, hoɚs,
horses,'hoɚ sɪz,
mayor,'meɪ ɚ,
mayors,'meɪ ɚz,
inside, ɪn 'saɪd,
sexier,'sɛk si ɚ,
sexiest,'sɛk si əst,
sexy,'sɛk si,
dirtier,'dɚ ɾi ɚ,
dirtiest,'dɚ ɾi əst,
dirty,'dɚ ɾi,
carried,'keɚ id,
carries,'keɚ iz,
carry,'keɪ ɹi,
carrying,'kæ ɹi ɪŋ,
professor, pɹə 'fɛ sɚ,
professors, pɚ 'fɛ sɚz,
usually,'ju ʒə li,
bottle,'bɑ ɾəl,
bottles,'bɑ ɾəlz,
cheese, ʧiz,
summer,'sʌ mɚ,
summers,'sʌ mɚz,
remind, ɹə 'maɪnd,
reminded, ɹə 'maɪn dɪd,
reminding, ɹɪ 'maɪn dɪŋ,
reminds, ɹɪ 'maɪndz,
afternoon, æf tɚ 'nun,
afternoons, æf tɚ 'nunz,
pee, pi,
peed, pid,
peeing,'pi ɪŋ,
pees, piz,
across, ʌ 'kɹɑs,
angrier,'æŋ gɹi ɚ,
angriest,'æŋ gɹi əst,
angry,'eɪŋ gɹi,
fella,'fɛ lə,
fellas,'fɛ ləs,
film, fɪlm,
films, fɪlmz,
reach, ɹiʧ,
reached, ɹiʧt,
reaches,'ɹi ʧəz,
reaching,'ɹi ʧɪŋ,
shower,'ʃaʊ wɚ,
showers,'ʃaʊ ɚz,
cup, kʌp,
cups, kʌps,
lawyer,'lɔ jɚ,
lawyers,'loɪ ɚz,
camera,'kæ mɹʌ,
cameras,'kæ mɚ əz,
pain, peɪn,
pains, peɪnz,
hurried,'hɚ id,
hurries,'hɚ iz,
hurry,'hɚ ɹi,
hurrying,'hɚ ɹi ɪŋ,
desk, dɛsk,
desks, dɛsks,
monster,'mɑn stɚ,
monsters,'mɑn stɚz,
certainly,'sɚ tən li,
cop, kɑp,
cops, kɑps,
credit,'kɹɛ ɾɪt,
credits,'kɹɛ ɾɪts,
prepare, pɹə 'peɚ,
prepared, pɹə 'peɚd,
prepares, pɚ 'peɪ ɚz,
preparing, pɚ 'peɚ ɪŋ,
anywhere,'ɛ ni weɚ,
breakfast,'bɹɛk fɪst,
breakfasts,'bɹɛk fəsts,
bastard,'bæ stɚd,
bastards,'bæ stɚdz,
church, ʧɚʧ,
churches, ʧɚʧɪz,
hire,'haɪ jɚ,
hired,'haɪ ɚd,
hires,'haɪ ɚz,
hiring,'haɪ ɹɪŋ,
decision, dɪ 'sɪ ʒɪn,
decisions, dɪ 'sɪ ʒənz,
pig, pɪg,
pigs, pɪgz,
loser,'lu zɚ,
losers,'lu zɚz,
robot,'ɹoʊ bɑt,
robots,'ɹoʊ bɑts,
chocolate,'ʧɑ kə lɪt,
chocolates,'ʧɔ kləts,
deep, dip,
deeper,'di pɚ,
deepest,'di pəst,
park, pɑɚk,
parks, pɑɚks,
service,'sɚ vɪs,
services,'sɚ və səz,
Jew, ʤu,
tape, teɪp,
tapes, teɪps,
kitchen,'kɪ ʧɪn,
kitchens,'kɪ ʧənz,
halves, hævz,
rid, ɹɪd,
rids, ɹɪdz,
grandpa,'gɹæm pɑ,
hero,'hiɚ ɹoʊ / 'hi ɹoʊ,
heroes,'hiɚ oʊz,
shots, ʃɑts,
spot, spɑt,
spots, spɑts,
folks, foʊks,
yell, jɛl,
yelled, jɛld,
yelling,'jɛ lɪŋ,
yells, jɛlz,
awful,'ɔ fəl,
scene, sin,
scenes, sinz,
trick, tɹɪk,
tricks, tɹɪks,
asshole,'æ shoʊl,
assholes,'æs hoʊlz,
issue,'ɪ ʃu,
issues,'ɪ ʃuz,
loveliest,'lə vli əst,
lovely,'lʌ vli,
honor,'ɑ nɚ,
honors,'ɑ nɚz,
visit,'vɪ zɪt,
visited,'vɪ zɪ ɾɪd,
visiting,'vɪ zɪ ɾɪŋ,
visits,'vɪ zɪts,
cleaner,'kli nɚ,
cleanest,'kli nəst,
seconds,'sɛ kɪnz,
chick, ʧɪk,
chicks, ʧɪks,
costume,'kɑ stjum,
costumes,'kɑ stumz,
Friday,'fɹaɪ deɪ,
Fridays,'fɹaɪ deɪz,
hall, hɔl,
halls, hɔlz,
Ms, mɪz,
fake, feɪk,
forgave, fɚ 'geɪv,
forgive, fɚ 'gɪv,
forgiven, fɚ 'gɪ vɪn,
forgives, fɚ 'gɪvz,
forgiving, fɚ 'gɪ vɪŋ,
grade, gɹeɪd,
grades, gɹeɪdz,
fifteen,'fɪf tin,
cheat, ʧit,
cheated,'ʧi ɾəd,
cheating,'ʧi ɾɪŋ,
cheats, ʧits,
Chinese, ʧaɪ 'niz,
crapped, kɹæpt,
create, kɹi 'eɪt,
created, kɹi 'eɪ ɾəd,
creates, kɹi 'eɪts,
creating, kɹi 'eɪ ɾɪŋ,
comfortable,'kʌmf tɚ bəl,
hotel, hoʊ 'tɛl,
hotels, hoʊ 'tɛlz,
magazine,'mæ gə zin,
magazines,'mæ gə zinz,
settle,'sɛ ɾəl,
settled,'sɛ ɾəld,
settles,'sɛ ɾəlz,
settling,'sɛ tlɪŋ,
accident,'æk sə ɾənt,
accidents,'æk sə ɾənts,
boob, bub,
boobs, bubz,
excellent,'ɛk sə lənt,
neighbor,'neɪ bɚ,
neighbors,'neɪ bɚz,
train, tɹeɪn,
trains, tɹeɪnz,
board, boɚd,
boards, boɚdz,
pop, pɑp,
popped, pɑpt,
popping,'pɑ pɪŋ,
pops, pɑps,
spirit,'spiɚ ɪt,
spirits,'spiɚ ɪts,
cow, kaʊ,
cows, kaʊz,
buildings,'bɪl dɪŋz,
ear, iɚ,
ears, iɚz,
giant,'ʤaɪ ɪnt,
giants,'ʤaɪ ənts,
uglier,'ʌ gli ɚ,
ugliest,'ʌ gli əst,
ugly,'ʌ gli,
toy, toɪ,
toys, toɪz,
cancel,'kæn səl,
canceled,'kæn səld,
canceling,'kæn slɪŋ,
cancels,'kæn səlz,
Internet,'ɪn tɚ nɛt,'ɪ nɚ nɛt
Net, nɛt,
strange, stɹeɪnʤ,
stranger,'stɹeɪn ʤɚ,
strangest,'stɹeɪn ʤɪst,
aunt, ænt,
aunts, ænts,
island,'aɪ lənd,
islands,'aɪ ləndz,
extra,'ɛk stɹə,
fit, fɪt,
fits, fɪts,
fitted,'fɪ ɾəd,
fitting,'fɪ ɾɪŋ,
rock, ɹɑk,
rocks, ɹɑks,
action,'æk ʃən,
actions,'æk ʃənz,
bill, bɪl,
bills, bɪlz,
field,'fi əld,
fields, fildz,
fresh, fɹɛʃ,
fresher,'fɹɛ ʃɚ,
freshest,'fɹɛ ʃəst,
level,'lɛ vəl,
levels,'lɛ vəlz,
cost, kɔst,
costing,'kɔ stɪŋ,
costs, kɔsts,
size, saɪz,
sizes,'saɪ zəz,
cell, sɛl,
cells, sɛlz,
serve, sɚv,
served, sɚvd,
serves, sɚvz,
serving,'sɚ vɪŋ,
shake, ʃeɪk,
shaken,'ʃeɪ kən,
shakes, ʃeɪks,
shaking,'ʃeɪ kɪŋ,
shook, ʃʊk,
bowl, boʊl,
bowls, boʊlz,
neck, nɛk,
necks, nɛks,
control, kən 'tɹoʊl,
controls,'kɑn tɹɑlz,
loud, laʊd,
louder,'laʊ ɾɚ,
loudest,'laʊ ɾɪst,
bedroom,'bɛ dɹum,
bedrooms,'bɛ dɹumz,
heaven,'hɛ vɪn,
rights, ɹaɪts,
commercial, kə 'mɚ ʃəl,
commercials, kə 'mɚ ʃəlz,
draw, ʤɹɔ,
drawing,'dɹɔ ɪŋ,
drawn, dɹɔn,
draws, dɹɔz,
drew,'dɹu,
fail, feɪl,
failed, feɪld,
failing,'feɪ lɪŋ,
fails, feɪlz,
guest, gɛst,
guests, gɛsts,
insane, ɪn 'seɪn,
cook, kʊk,
cooked, kʊkt,
cooking,'kʊ kɪŋ,
cooks, kʊks,
pleasure,'plɛ ʒɚ,
pleasures,'plɛ ʒɚz,
truck, tɹʌk,
trucks, tɹʌks,
science,'saɪ əns,
careful,'keɚ fəl,
nervous,'nɚ vɪs,
although, ɔ 'ðoʊ,
gas, gæs,
gases,'gæ səz,
partner,'pɑɚt nɚ,
partners,'pɑɚt nɚz,
scream, skɹim,
screamed, skɹimd,
screaming,'skɹi mɪŋ,
screams, skɹimz,
pool, pul,
pools, pulz,
appear, ʌ 'piɚ,
appeared, ə 'piɚd,
appearing, ʌ 'piɚ əŋ,
appears, ə 'piɚz,
clearly,'kliɚ li,
silly,'sɪ li,
fed, fɛd,
feed, fid,
feeding,'fi ɾɪŋ,
feeds, fidz,
charge, ʧɑɚʤ,
charges,'ʧɑɚ ʤəz,
neither,'ni ðɚ,
stank, steɪŋk,
stink, stɪŋk,
stinking,'stɪŋ kɪŋ,
stinks, stɪŋks,
stunk, stʌŋk,
wash, wɑʃ,
washed, wɑʃt,
washes,'wɑ ʃɪz,
washing,'wɑ ʃɪŋ,
magic,'mæ ʤɪk,
plane, pleɪn,
planes, pleɪnz,
tinier,'taɪ ni ɚ,
tiniest,'taɪ ni əst,
tiny,'taɪ ni,
prison,'pɹɪ zɪn,
prisons,'pɹɪ zənz,
cause, kɔz,
caused, kɑzd,
causes,'kɑ zəz,
causing,'kɑ zɪŋ,
photo,'foʊ ɾoʊ,
photograph,'foʊ ɾə gɹæf,
photographs,'foʊ ɾə gɹæfs,
photos,'foʊ toʊz,
public,'pʌ blɪk,
button,'bʌ tən,
buttons,'bʌ ɾənz,
flower,'flaʊ wɚ,
flowers,'flaʊ wɚz,
memories,'mɛ mɚ iz,
memory,'mɛ mɚ ɹi,
owned, oʊnd,
owning,'oʊ nɪŋ,
owns, oʊnz,
base, beɪs,
based, beɪst,
bases,'beɪ səz,
basing,'beɪ sɪŋ,
involve, ɪn 'vɑlv,
involved, ɪn 'vɑlvd,
involves, ɪn 'vɑlvz,
involving, ɪn 'vɑl vɪŋ,
ma'am, mæm,
blame, bleɪm,
blamed, bleɪmd,
blames, bleɪmz,
blaming,'bleɪ mɪŋ,
tea, ti,
bike, baɪk,
bikes, baɪks,
freeze, fɹiz,
freezes,'fɹi zɪz,
freezing,'fɹi zɪŋ,
froze, fɹoʊz,
frozen,'fɹoʊ zɪn,
sexual,'sɛk ʃu wəl,
code, koʊd,
codes, koʊdz,
celebrate,'sɛ lə bɹeɪt,
celebrated,'sɛ lə bɹeɪ ɾɪd,
celebrates,'sɛ lə bɹeɪts,
celebrating,'sɛ lə bɹeɪ ɾɪŋ,
couch, kaʊʧ,
couches,'kaʊ ʧɪz,
price, pɹaɪs,
prices,'pɹaɪ səz,
assume, ʌ 'sum,
assumed, ə 'sumd,
assumes, ə 'sumz,
assuming, ə 'su mɪŋ,
delicious, dɪ 'lɪ ʃəs,
forties,'foɚ tiz,
forty,'foɚ ti,
player,'pleɪ jɚ,
players,'pleɪ ɚz,
soup, sup,
soups, sups,
waste, weɪst,
wasted,'weɪ stɪd,
wastes, weɪsts,
wasting,'weɪ stɪŋ,
coat, koʊt,
coats, koʊts,
doll, dɑl,
dolls, dɑlz,
securities, sɪ 'kjʊ ɹə ɾiz,
security, sə 'kjɚ ɹɪ ɾi,
warm, woɚm,
warmer,'woɚ mɚ,
warmest,'woɚ məst,
football,'fʊt bɔl,
footballs,'fʊt bɔlz,
model,'mɑ dəl,
models,'mɑ ɾəlz,
whose, huz,
besides, bə 'saɪdz,
middle,'mɪ dəl,
middles,'mɪ ɾəlz,
shop, ʃɑp,
shopped, ʃɑpt,
shopping,'ʃɑ pɪŋ,
shops, ʃɑps,
garbage,'gɑɚ bɪʤ,
client,'klaɪ ənt,
clients,'klaɪ ənts,
ground, gɹaʊnd,
lame, leɪm,
lamer,'leɪ mɚ,
lamest,'leɪ məst,
project,'pɹɑ ʤɛkt,
projects, pɚ 'ʤɛks,
dare, deɚ,
dared, deɚd,
dares,'deɪ ɚz,
daring,'deɚ ɹɪŋ,
episode,'ɛ pə soʊd,
glass, glæs,
glasses,'glæ səz,
green, gɹin,
lock, lɑk,
locked, lɑkt,
locking,'lɑ kɪŋ,
locks, lɑks,
award, ə 'woɚd,
straight, stɹeɪt,
unbelievable, ʌn bə 'li və bəl,
court, koɚt,
courts, koɚts,
experience, ɪk 'spɪ ɹi əns,
experiences, ɪk 'spɪ ɹi ən sɪz,
final,'faɪ nəl,
large, lɑɚʤ,
larger,'lɑɚ ʤɚ,
largest,'lɑɚ ʤəst,
salad,'sæ lɪd,
salads,'sæ lədz,
belong, bə 'lɔŋ,
belonged, bɪ 'lɔŋd,
belonging, bə 'lɔŋ ɪŋ,
belongs, bɪ 'lɔŋz,
fucks, fʌks,
station,'steɪ ʃɪn,
stations,'steɪ ʃənz,
area,'eɚ ɹi jʌ,
areas,'ɛ ɹi əz,
vote, voʊt,
voted,'voʊ ɾɪd,
votes, voʊts,
voting,'voʊ ɾɪŋ,
crime, kɹaɪm,
crimes, kɹaɪmz,
meat, mit,
meats, mits,
romantic, ɹoʊ 'mæn tɪk,
treat, tɹit,
treated,'tɹi ɾɪd,
treating,'tɹi ɾɪŋ,
treats, tɹits,
forward,'foɚ wɚd,
taste, teɪst,
tasted,'teɪ stɪd,
tastes, teɪsts,
tasting,'teɪ stɪŋ,
weight, weɪt,
weights, weɪts,
mail, meɪl,
mails, meɪlz,
boring,'boɚ ɹɪŋ,
cab, kæb,
cabs, kæbz,
information, ɪn fɚ 'meɪ ʃən,
total,'toʊ ɾəl,
channel,'ʧæ nəl,
channels,'ʧæ nəlz,
page, peɪʤ,
pages,'peɪ ʤəz,
suddenly,'sʌ dən li,
sake, seɪk,
sakes, seɪks,
Thanksgiving, θæŋks 'gɪ vɪŋ,
private,'pɹaɪ vɪt,
French, fɹɛnʧ,
winner,'wɪ nɚ,
winners,'wɪ nɚz,
past, pæst,
pen, pɛn,
pens, pɛnz,
twice, twaɪs,
cousin,'kʌ zɪn,
cousins,'kʌ zənz,
jealous,'ʤɛ ləs,
mess, mɛs,
messed, mɛst,
messes,'mɛ sɪz,
messing,'mɛ sɪŋ,
planet,'plæ nɪt,
scariest,'skɛ ɹi əst,
scary,'skeɪ ɹi,
universe,'ju nə vɚs,
universes,'ju nə vɚ sɪz,
upstairs, ʌp 'steɚz,
genius,'ʤi njəs,
geniuses,'ʤi njə sɪz,
dangerous,'deɪn ʤɚ ɹɪs,
nuts, nʌts,
ourselves, ɑɚ 'sɛlvz,
race, ɹeɪs,
races,'ɹeɪ səz,
suggest, səg 'ʤəst,
suggested, sə 'ʤɛ stɪd,
suggesting, sə 'ʤɛ stɪŋ,
suggests, sɪg 'ʤɛs,
sea, si,
seas, siz,
officer,'ɔ fə sɚ,
officers,'ɔ fə sɚz,
meal,'mi əl,
meals, milz,
popular,'pɑ pjə lɚ,
report, ɹə 'poɚt,
reports, ɹɪ 'poɚts,
flight, flaɪt,
flights, flaɪts,
driver,'ʤɹaɪ vɚ,
drivers,'ʤɹaɪ vɚz,
wheel,'wi əl,
wheels, wilz,
dump, dʌmp,
dumped, dʌmt,
dumping,'dʌm pɪŋ,
dumps, dʌmps,
member,'mɛm bɚ,
members,'mɛm bɚz,
yo, joʊ,
add, æd,
added,'æ ɾəd,
adding,'æ dɪŋ,
adds, ædz,
confuse, kən 'fjuz,
confused, kən 'fjuzd,
confuses, kən 'fju zɪz,
confusing, kən 'fju zɪŋ,
form, foɚm,
forms, foɚmz,
government,'gʌ vɚ mɪnt,
governments,'gʌ vɚ mənts,
Sunday,'sʌn deɪ,
Sundays,'sʌn deɪz,
continue, kən 'tɪ nju,
continued, kən 'tɪ njud,
continues, kən 'tɪ njuz,
continuing, kən 'tɪ nju ɪŋ,
event, ə 'vɛnt,
events, ɪ 'vɛnts,
low, loʊ,
lower,'loʊ wɚ,
lowest,'loʊ əst,
quiet,'kwaɪ ɪt,
quieter,'kwaɪ ə ɾɚ,
quietest,'kwaɪ ə ɾəst,
color,'kʌ lɚ,
colors,'kʌ lɚz,
Jewish,'ʤu ɪʃ,
breast, bɹɛst,
breasts, bɹɛsts,
nah, nɑ,
bank, beɪŋk,
banks, bæŋks,
parking,'pɑɚ kɪŋ,
parkings,'pɑɚ kɪŋz,
wild,'waɪ əld,
wilder,'waɪl dɚ,
wildest,'waɪl dɪst,
turkey,'tɚ ki,
blah, blɑ,
thoughts, θɔts,
famous,'feɪ mɪs,
gold, goʊld,
pound, paʊnd,
skin, skɪn,
skins, skɪnz,
rat, ɹæt,
rats, ɹæts,
switch, swɪʧ,
switched, swɪʧt,
switches,'swɪ ʧəz,
switching,'swɪ ʧɪŋ,
tie, taɪ,
ties, taɪz,
career, kə 'ɹiɚ,
careers, kɚ 'ɪ ɚz,
juice, ʤus,
juices,'ʤu səz,
protect, pɹə 'tɛkt,
protected, pɚ 'tɛk tɪd,
protecting, pɚ 'tɛk tɪŋ,
protects, pɚ 'tɛkts,
shame, ʃeɪm,
bottom,'bɑ ɾəm,
bottoms,'bɑ ɾəmz,
Indian,'ɪn di ən,
respect, ɹə 'spɛkt,
respected, ɹɪ 'spɛk tɪd,
respecting, ɹɪ 'spɛk tɪŋ,
respects, ɹə 'spɛkts,
underwear,'ʌn dɚ weɚ,
underwears,'ən dɚ weɚz,
closet,'klɑ zɪt,
closets,'klɑ zəts,
meetings,'mi ɾɪŋz,
sun, sʌn,
suns, sʌnz,
afford, ə 'foɚd,
bald, bɔld,
engage, ɪŋ 'geɪʤ,
engaged, ɛn 'geɪʤd,
engages, ɛn 'geɪ ʤɪz,
engaging, ɪŋ 'geɪ ʤɪŋ,
plant, plænt,
towel,'taʊ wəl,
towels, taʊlz,
bone, boʊn,
mall, mɔl,
malls, mɔlz,
regular,'ɹɛ gjə lɚ,
dig, dɪg,
digging,'dɪ gɪŋ,
dug, dʌg,
fear, fiɚ,
cancer,'kæn sɚ,
discuss, dɪ 'skʌs,
discussed, dɪ 'skʌst,
discusses, dɪ 'skʌ səz,
discussing, dɪ 'skʌ sɪŋ,
fancier,'fæn si ɚ,
fanciest,'fæn si əst,
fancy,'fæn si,
advice, æd 'vaɪs,
center,'sɛ nɚ,'sɛn tɚ
centers,'sɛ nɚz,
controlled, kən 'tɹoʊld,
controlling, kən 'tɹoʊ lɪŋ,
apple,'æ pəl,
apples,'æ pəlz,
everywhere,'ɛ vɹi weɚ,
holiday,'hɑ lə deɪ,
holidays,'hɑ lə deɪz,
cash, kæʃ,
common,'kɑ mɪn,
crush, kɹʌʃ,
crushes,'kɹʌ ʃɪz,
peace, pis,
warn, woɚn,
warned, woɚnd,
warning,'woɚ nɪŋ,
warns, woɚnz,
welcomed,'wɛl kəmd,
welcomes,'wɛl kəmz,
welcoming,'wɛl kə mɪŋ,
adult, ə 'dʌlt,
adults,'æ ɾəlts,
noise, noɪz,
noises,'noɪ zɪz,
rocked, ɹɑkt,
rocking,'ɹɑ kɪŋ,
super,'su pɚ,
bread, bɹɛd,
breads, bɹɛdz,
porn, poɚn,
porns, poɚnz,
type, taɪp,
types, taɪps,
borrow,'bɑ ɹoʊ,
borrowed,'bɑɚ ɹoʊd,
borrowing,'bɑ ɹoʊ ɪŋ,
borrows,'bɑɚ oʊz,
department, də 'pɑɚt mɪnt,
departments, dɪ 'pɑɚt mənts,
plate, pleɪt,
plates, pleɪts,
breathe, bɹið,
breathed, bɹiðd,
breathes, bɹiðz,
breathing,'bɹi ðɪŋ,
classic,'klæ sɪk,
farm, fɑɚm,
disgusting, dɪs 'gʌ stɪŋ,
tall, tɔl,
taller,'tɔ lɚ,
tallest,'tɔ lɪst,
replace, ɹə 'pleɪs,
replaced, ɹi 'pleɪst,
replaces, ɹi 'pleɪ sɪz,
replacing, ɹi 'pleɪ sɪŋ,
somehow,'sʌm haʊ,
theater,'θi ə ɾɚ,
discover, dɪ 'skʌ vɚ,
discovered, dɪ 'skʌ vɚd,
discovering, dɪ 'skʌ vɚ ɪŋ,
discovers, dɪ 'skʌ vɚz,
incredible, ɪn 'kɹɛ ɾə bəl,
plenty,'plɛn ti,
baseball,'beɪs bɔl,
comedy,'kɑ mə di,
enter,'ɛn tɚ,
entered,'ɛn tɚd,
entering,'ɛn tɚ ɹɪŋ,
enters,'ɛn tɚz,'ɛ nɚz
introduce, ɪn tɹə 'dus,
introduced, ɪn tɹə 'dust,
introduces, ɪn tɹə 'du sɪz,
introducing, ɪn tɹə 'du sɪŋ,
whenever, wɛ 'nɛ vɚ,
butter,'bʌ ɾɚ,
possibly,'pɑ sə bli,
sweetheart,'swit hɑɚt,
jail,'ʤeɪ əl,
season,'si zɪn,
seasons,'si zənz,
studied,'stʌ ɾid,
studies,'stʌ ɾiz,
study,'stʌ ɾi,
studying,'stʌ ɾi ɪŋ,
miracle,'miɚ ə kəl,
miracles,'miɚ ə kəlz,
complete, kəm 'plit,
golf, gɑlf,
hook, hʊk,
hooked, hʊkt,
hooking,'hʊ kɪŋ,
perfectly,'pɚ fɪk tli,'pɚ fə kli
stare, steɚ,
stared, steɚd,
staring,'steɚ ɹɪŋ,
flag, flæg,
flags, flægz,
jeez, ʤiz,
roommate,'ɹu meɪt,
roommates,'ɹu meɪts,
ship, ʃɪp,
ships, ʃɪps,
wood, wʊd,
woods, wʊdz,
actor,'æk tɚ,
actors,'æk tɚz,
prize, pɹaɪz,
prizes,'pɹaɪ zəz,
corner,'koɚ nɚ,
corners,'koɚ nɚz,
fourth, foɚθ,
sneak, snik,
piss, pɪs,
pissed, pɪst,
pisses,'pɪ sɪz,
pissing,'pɪ sɪŋ,
pocket,'pɑ kɪt,
tip, tɪp,
tips, tɪps,
lately,'leɪ tli,
queen, kwin,
tear, teɚ,
tearing,'teɚ ɹɪŋ,
tears,'tɪ ɚz,
tore, toɚ,
torn, toɚn,
especially, ə 'spɛ ʃə li,
laid, leɪd,
laying,'leɪ ɪŋ,
lays, leɪz,
pressure,'pɹɛ ʃɚ,
rip, ɹɪp,
ripped, ɹɪpt,
ripping,'ɹɪ pɪŋ,
rips, ɹɪps,
assistant, ə 'sɪ stɪnt,
assistants, ə 'sɪ stənts,
camp, kæmp,
judge, ʤʌʤ,
judges,'ʤʌ ʤɪz,
north, noɚθ,
often,'ɔ fɪn,
Halloween, hæ lə 'win,
vacation, veɪ 'keɪ ʃən,
vacations, veɪ 'keɪ ʃənz,
impossible, ɪm 'pɑ sə bəl,
square, skweɚ,
squares,'skweɪ ɚz,
grandma,'gɹæ mɑ,
grandmas,'gɹæ mɑz,
gross, gɹoʊs,
grossest,'gɹoʊ sɪst,
pal, pæl,
pals, pælz,
smile,'smaɪ əl,
smiled, smaɪld,
smiles,'smaɪ əlz,
smiling,'smaɪ lɪŋ,
speech, spiʧ,
speeches,'spi ʧəz,
beach, biʧ,
beaches,'bi ʧəz,
bust, bʌst,
busted,'bʌ stɪd,
busts, bʌsts,
communities, kə 'mju nə ɾiz,
community, kə 'mju nɪ ti,
handsome,'hæn səm,
safety,'seɪf ti,
tested,'tɛ stɪd,
testing,'tɛ stɪŋ,
gym, ʤɪm,
toast, toʊst,
toasts, toʊsts,
disease, də 'ziz,
diseases, dɪ 'zi zəz,
paint, peɪnt,
painted,'peɪn tɪd,
painting,'peɪn tɪŋ,
themselves, ðɛm 'sɛlvz,
Monday,'mʌn deɪ,
Mondays,'mʌn deɪz,
pack, pæk,
packed, pækt,
packing,'pæ kɪŋ,
packs, pæks,
punch, pʌnʧ,
punched, pʌnʧt,
punches,'pʌn ʧɪz,
punching,'pʌn ʧɪŋ,
customer,'kʌ stə mɚ,
customers,'kʌ stə mɚz,
healthier,'hɛl θi ɚ,
healthiest,'hɛl θi ɪst,
healthy,'hɛl θi,
invent, ɪn 'vɛnt,
invented, ɪn 'vɛn təd,
inventing, ɪn 'vɛn tɪŋ,
princess,'pɹɪn sɛs,
princesses,'pɹɪn sɛ sɪz,
merry,'mɛ ɹi,
someday,'sʌm deɪ,
blind, blaɪnd,
certain,'sɚ tən,
solve, sɑlv,
solved, sɑlvd,
solves, sɑlvz,
solving,'sɑl vɪŋ,
sweater,'swɛ ɾɚ,
sweaters,'swɛ ɾɚz,
terrific, tə 'ɹɪ fɪk,
wet, wɛt,
wetter,'wɛ ɾɚ,
wettest,'wɛ ɾəst,
attack, ʌ 'tæk,
attacks, ə 'tæks,
beg, bɛg,
begged, bɛgd,
begging,'bɛ gɪŋ,
begs, bɛgz,
cigarette,'sɪ gɚ ɹɛt,
sugar,'ʃʊ gɚ,
uhh, ʌ,
weekend,'wi kɛnd,
weekends,'wi kɛnz,
sock, sɑk,
socks, sɑks,
sox / socks, sɑks,
emergency, ə 'mɚ ʤən si,
mood, mud,
peanut,'pi nət,
peanuts,'pi nəts,
stage, steɪʤ,
stages,'steɪ ʤəz,
tight, taɪt,
tighter,'taɪ ɾɚ,
tightest,'taɪ ɾəst,
gum, gʌm,
gums, gʌmz,
moon, mun,
moons, munz,
nature,'neɪ ʧɚ,
program,'pɹoʊ gɹæm,
programs,'pɹoʊ gɹæmz,
angel,'eɪn ʤəl,
corporate,'koɚ pɹɪt,
damned, dæmd,
exist, ɪg 'zɪst,
existed, ɪg 'zɪ stəd,
existing, ɪg 'zɪ stɪŋ,
exists, ɪg 'zɪsts,
ghost, goʊst,
sauce, sɔs,
sauces,'sɔ səz,
stomach,'stʌ mɪk,
block, blɑk,
blocks, blɑks,
herself, hɚ 'sɛlf,
murder,'mɚ ɾɚ,
murders,'mɚ ɾɚz,
speed, spid,
speeds, spidz,
Jesus,'ʤi zəs,
mix, mɪks,
mixed, mɪkst,
mixes,'mɪk səz,
mixing,'mɪk sɪŋ,
track, tɹæk,
tracks, tɹæks,
opportunities, ɑ pɚ 'tu nə ɾiz,
opportunity, ɑ pɚ 'tu nɪ ɾi,
societies, sə 'saɪ ə ɾiz,
society, sə 'saɪ ə ɾi,
whoo-hoo,'wu hu,
upon, ə 'pɑn,
difficult,'dɪ fɪ kəlt,
killer,'kɪ lɚ,
killers,'kɪ lɚz,
lip, lɪp,
lips, lɪps,
market,'mɑɚ kɪt,
markets,'mɑɚ kəts,
goodness,'gʊd nɪs,
pillow,'pɪ loʊ,
tied, taɪd,
tying,'taɪ ɪŋ,
arrive, ə 'ɹaɪv,
arrived, ɚ 'aɪvd,
arrives, ɚ 'aɪvz,
arriving, ə 'ɹaɪ vɪŋ,
mountain,'maʊn tɪn,
slip, slɪp,
slipped, slɪpt,
slipping,'slɪ pɪŋ,
belt, bɛlt,
museum, mju 'zi əm,
oil,'oɪ ɚl,
press, pɹɛs,
pressed, pɹɛst,
presses,'pɹɛ səz,
pressing,'pɹɛ sɪŋ,
airplane,'eɚ pleɪn,
airport,'eɚ poɚt,
honestly,'ɑ nə sli,
contest,'kɑn tɛst,
fabulous,'fæ bjə ləs,
spell, spɛl,
spelled, spɛld,
spelling,'spɛ lɪŋ,
spells, spɛlz,
whoever, hu 'wɛ vɚ,
bell, bɛl,
bells, bɛlz,
friendship,'fɹɛn ʃɪp,
national,'næ ʃə nəl,
alien,'eɪ li jən,
dreamed, dɹimd,
dreaming,'dɹi mɪŋ,
fool,'fu əl,
fools, fulz,
bless, blɛs,
blessed, blɛst,
blesses,'blɛ sɪz,
blessing,'blɛ sɪŋ,
cartoon, kɑɚ 'tun,
near, niɚ,
swam, swæm,
swim, swɪm,
swimming,'swɪ mɪŋ,
swims, swɪmz,
swum, swʌm,
burger,'bɚ gɚ,
burgers,'bɚ gɚz,
fruit, fɹut,
fruits, fɹuts,
roof, ɹuf,
theories,'θiɚ iz,
theory,'θiɚ ɹi,
according, ə 'koɚ dɪŋ,
guilty,'gɪl ti,
potato, pə 'teɪ ɾoʊ,
potatoes, pə 'teɪ ɾoʊz,
dish, dɪʃ,
dishes,'dɪ ʃɪz,
uncomfortable, ʌn 'kʌmf tə bəl,
wrap, ɹæp,
wrapped, ɹæpt,
wrapping,'ɹæ pɪŋ,
wraps, ɹæps,
cheap, ʧip,
cheaper,'ʧi pɚ,
cheapest,'ʧi pəst,
employee, ɪm plɔ 'ji,
employees, ɛm 'ploɪ iz,
interview,'ɪn tɚ vju,
interviews,'ɪ nɚ vjuz,
perform, pɚ 'foɚm,
performed, pɚ 'foɚmd,
performing, pɚ 'foɚ mɪŋ,
performs, pɚ 'foɚmz,
spring, spɹɪŋ,
springs, spɚ 'ɪŋz,
text, tɛkst,
texted,'tɛk stɪd,
texting,'tɛk stɪŋ,
texts, tɛksts,
tour, toɚ,
awkward,'ɔ kwɚd,
expensive, ɪk 'spɛn sɪv,
unfortunately, ʌn 'foɚ ʧə nə tli,
purse, pɚs,
charged, ʧɑɚʤd,
charging,'ʧɑɚ ʤɪŋ,
divorce, dɪ 'voɚs,
rang, ɹeɪŋ,
ringing,'ɹɪŋ ɪŋ,
rung, ɹʌŋ,
bra, bɹɑ,
bras, bɹæs,
brown, bɹaʊn,
duck, dʌk,
English,'ɪŋ glɪʃ,
celebrities, sə 'lɛ bɹɪ ɾiz,
celebrity, sə 'lɛ bɹɪ ɾi,
double,'dʌ bəl,
period,'piɚ i ɪd,
periods,'pɪ ɹi ədz,
rent, ɹɛnt,
rented,'ɹɛn tɪd,
renting,'ɹɛn tɪŋ,
rents, ɹɛnts,
barely,'beɚ li,
bye-bye,'baɪ baɪ,
chip, ʧɪp,
chips, ʧɪps,
ignore, ɪg 'noɚ,
ignored, ɪg 'noɚd,
ignores, ɪg 'noɚz,
ignoring, ɪg 'nɔ ɹɪŋ,
language,'leɪŋ gwɪʤ,
languages,'læŋ gwə ʤəz,
laundry,'lɔn dɹi,
social,'soʊ ʃəl,
soft, sɔft,
softer,'sɑf tɚ,
softest,'sɔf təst,
apologies, ə 'pɑ lə ʤiz,
apology, ʌ 'pɑ lə ʤi,
concert,'kɑn sɚt,
disappoint, dɪ sə 'poɪnt,
disappointed, dɪ sə 'poɪn tɪd,
disappointing, dɪ sə 'poɪn tɪŋ,
disappoints, dɪ sə 'poɪnts,
knife, naɪf,
knives, naɪvz,
hilarious, hɪ 'leɚ i əs,
judged, ʤʌʤd,
judging,'ʤʌ ʤɪŋ,
blanket,'bleɪŋ kɪt,
comic,'kɑ mɪk,
leader,'li ɾɚ,
leaders,'li ɾɚz,
local,'loʊ kəl,
neighborhood,'neɪ bɚ hʊd,
trap, tɹæp,
trapped, tɹæpt,
trapping,'tɹæ pɪŋ,
traps, tɹæps,
West, wɛst,
bury,'bɛ ɹi,
whore, hoɚ,
whores, hoɚz,
cross, kɹɔs,
crossed, kɹɔst,
crosses,'kɹɔ sɪz,
crossing,'kɹɔ sɪŋ,
sheet, ʃit,
sheets, ʃits,"(tkp ends in s, not z; taken by papa)"
suffer,'sʌ fɚ,
suffered,'sʌ fɚd,
suffering,'sʌ fɚ ɹɪŋ,
suffers,'sʌ fɚz,
tax, tæks,
taxes,'tæk sɪz,
bath, bæθ,
baths, bæθs,
receive, ɹə 'siv,
received, ɹə 'sivd,
receives, ɹə 'sivz,
receiving, ɹə 'si vɪŋ,
sometime,'sʌm taɪm,
split, splɪt,
splits, splɪts,
splitting,'splɪ ɾɪŋ,
soda,'soʊ ɾʌ,
sodas,'soʊ ɾəz,
talent,'tæ lənt,
talents,'tæ lənts,
account, ʌ 'kaʊnt,
accounts, ə 'kaʊnts,
convince, kən 'vɪns,
convinced, kən 'vɪnst,
convinces, kən 'vɪn sɪz,
convincing, kən 'vɪn sɪŋ,
dessert, dɪ 'zɚt,
desserts, dɪ 'zɚts,
purpose,'pɚ pɪs,
purposes,'pɚ pə səz,
reported, ɹi 'poɚ tɪd,
reporting, ɹə 'poɚ ɾɪŋ,
weak, wik,
weaker,'wi kɚ,
weakest,'wi kəst,
cheer, ʧiɚ,
cheered,'ʧɪ ɚd,
cheering,'ʧiɚ ɪŋ,
cheers, ʧiɚz,
support, sə 'poɚt,
supported, sə 'poɚ tɪd,
supporting, sə 'poɚ tɪŋ,
supports, sə 'poɚts,
research,'ɹi sɚʧ,
tongue, tʌŋ,
tongues, tʌŋz,
Valentine,'væ lən taɪn,
valentines,'væ lən taɪnz,
pill, pɪl,
pills, pɪlz,
snake, sneɪk,
battle,'bæ ɾəl,
battles,'bæ ɾəlz,
license,'laɪ səns,
licenses,'laɪ sən sɪz,
nut, nʌt,
health, hɛlθ,
natural,'næ ʧɹəl,
gorgeous,'goɚ ʤɪs,
steak, steɪk,
steaks, steɪks,
vagina, və 'ʤaɪ nə,
audience,'ɔ di əns,
knee, ni,
knees, niz,
term, tɚm,
terms, tɚmz,
score, skoɚ,
scores, skoɚz,
sue, su,
sued, sud,
sues, suz,
suing,'su ɪŋ,
whether,'wɛ ðɚ,
artist,'ɑɚ tɪst,
attacked, ə 'tækt,
attacking, ə 'tæ kɪŋ,
bang, bæŋ,
banged, bæŋd,
banging,'beɪŋ ɪŋ,
bean, bin,
beans, binz,
onto,'ɑn tu,
attractive, ə 'ʧɹæk tɪv,
breath, bɹɛθ,
breaths, bɹɛθs,
empty,'ɛmp ti,
lonelier,'loʊn li ɚ,
loneliest,'loʊn li əst,
lonely,'loʊn li,
paintings,'peɪn tɪŋz,
truly,'ʧɹu li,
armies,'ɑɚ miz,
army,'ɑɚ mi,
avoid, ə 'voɪd,
avoided, ə 'voɪ ɾɪd,
avoiding, ʌ 'voɪ ɾɪŋ,
avoids, ə 'voɪdz,
gang, geɪŋ,
gangs, gæŋz,
land, lænd,
landed,'læn dəd,
landing,'læn dɪŋ,
lands, lændz,
nerd, nɚd,
slap, slæp,
slapped, slæpt,
slapping,'slæ pɪŋ,
appointment, ʌ 'poɪnt mɪnt,
appointments, ə 'poɪnt mənts,
dick, dɪk,
dicks, dɪks,
lesbian,'lɛz bi ɪn,
lesbians,'lɛz bi ənz,
outfit,'aʊt fɪt,
outfits,'aʊt fɪts,
adventure, æd 'vɛn ʧɚ,
adventures, æd 'vɛn ʧɚz,
devil,'dɛ vəl,
devils,'dɛ vəlz,
liar,'laɪ jɚ,
liars,'laɪ ɚz,
nurse, nɚs,
nurses,'nɚ səz,
pot, pɑt,
pots, pɑts,
responsible, ɹə 'spɑn sə bəl,
salesman,'seɪlz mən,
salesmen,'seɪlz mɪn,
slow, sloʊ,
slower,'sloʊ ɚ,
slowest,'sloʊ əst,
wallet,'wɑ lɪt,
wallets,'wɔ ləts,
commit, kə 'mɪt,
commits, kə 'mɪts,
committed, kə 'mɪ ɾɪd,
committing, kə 'mɪ ɾɪŋ,
example, ɪg 'zæm pəl,
examples, ɪg 'zæm pəlz,
faked, feɪkt,
fakes, feɪks,
faking,'feɪ kɪŋ,
obvious,'ɑb vi əs,
pirate,'paɪ ɹət,
pirates,'paɪ ɹəts,
radio,'ɹeɪ di oʊ,
radios,'ɹeɪ ɾi oʊz,
chase, ʧeɪs,
chased, ʧeɪst,
chases,'ʧeɪ səz,
chasing,'ʧeɪ sɪŋ,
due, du,
familiar, fə 'mɪ ljɚ,
homework,'hoʊ mwɚk,
birth, bɚθ,
Canadian, kə 'neɪ ɾi ən,
favorites,'feɪ vɚ ɪts,
prefer, pɹə 'fɚ,
preferred, pɹə 'fɚd,
prefers, pɹə 'fɚz,
rub, ɹʌb,
rubbed, ɹʌbd,
rubbing,'ɹʌ bɪŋ,
rubs, ɹʌbz,
skies, skaɪz,
sky, skaɪ,
basically,'beɪ sɪ kli,
coach, koʊʧ,
coaches,'koʊ ʧɪz,
deliver, dɪ 'lɪ vɚ,
delivered, dɪ 'lɪ vɚd,
delivering, dɪ 'lɪ vɚ ɪŋ,
delivers, dɪ 'lɪ vɚz,
lab, læb,
laboratories,'læ bɹə tɔ ɹiz,
laboratory,'læ bɹə toɚ i,
labs, læbz,
address,'æ ʤɹɛs, ə 'dɹɛs
addresses,'æ ʤɹɛ sɪz, ə 'ʤɹɛ sɪz
lift, lɪft,
lifted,'lɪf təd,
lifting,'lɪf tɪŋ,
lifts, lɪfts,
concern, kən 'sɚn,
concerned, kən 'sɚnd,
concerning, kən 'sɚ nɪŋ,
concerns, kən 'sɚnz,
eleven, ə 'lɛ vɪn,
round, ɹaʊnd,
rounds, ɹaʊnz,
guard, gɑɚd,
guards, gɑɚdz,
contact,'kɑn tækt,
contacts,'kɑn tæks,
package,'pæ kɪʤ,
packages,'pæ kə ʤəz,
sixties,'sɪk stiz,
sixty,'sɪk sti,
travel,'ʧɹæ vəl,
traveled,'ʧɹæ vəld,
traveling,'ʧɹæ vlɪŋ,
travels,'ʧɹæ vəlz,
anniversaries, æ nə 'vɚ sɚ iz,
anniversary, æ nə 'vɚ sɚ ɹi,
cent, sɛnt,
cents, sɛns,
force, foɚs,
forced, foɚst,
forces,'foɚ sɪz,
forcing,'foɚ sɪŋ,
rested,'ɹɛ stɪd,
resting,'ɹɛ stɪŋ,
spread, spɹɛd,
spreading,'spɹɛ ɾɪŋ,
spreads, spɹɛdz,
adorable, ʌ 'doɚ ə bəl,
ocean,'oʊ ʃən,
oceans,'oʊ ʃənz,
percent, pɚ 'sɛnt,
percents, pɚ 'sɛnts,
wing, wɪŋ,
wings, wɪŋz,
above, ə 'bʌv,
alcohol,'æl kə hɑl,
crash, kɹæʃ,
crashed, kɹæʃt,
crashes,'kɹæ ʃɪz,
crashing,'kɹæ ʃɪŋ,
insurance, ɪn 'ʃɚ əns,
nuclear,'nu kli ɚ,
pathetic, pə 'θɛ ɾɪk,
row, ɹoʊ,
rows, ɹoʊz,
sight, saɪt,
trash, ʧɹæʃ,
available, ʌ 'veɪ lə bəl,
brave, bɹeɪv,
braver,'bɹeɪ vɚ,
bravest,'bɹeɪ vəst,
climb, klaɪm,
climbed, klaɪmd,
climbing,'klaɪ mɪŋ,
climbs, klaɪmz,
earn, ɚn,
earned, ɚnd,
earning,'ɚ niŋ,
earns, ɚnz,
East, ist,
impress, ɪm 'pɹɛs,
impressed, ɪm 'pɹɛst,
impresses, ɪm 'pɹɛ sɪz,
impressing, ɪm 'pɹɛ sɪŋ,
league, lig,
leagues, ligz,
online,'ɑn laɪn,
within, wɪ 'ðɪn,
writer,'ɹaɪ ɾɚ,
writers,'ɹaɪ ɾɚz,
crowd, kɹaʊd,
crowds, kɹaʊdz,
flip, flɪp,
flipped, flɪpt,
flipping,'flɪ pɪŋ,
hug, hʌg,
hugs, hʌgz,
drag, dɹæg,
dragged, dɹægd,
dragging,'dɹæ gɪŋ,
drags, dɹægz,
funeral,'fju nɚ ɹəl,
literally,'lɪ ɾɚ ə li,
lousy,'laʊ zi,
opinion, ʌ 'pɪ njɪn,
spat, spæt,
spit, spɪt,
spitting,'spɪ ɾɪŋ,
van, væn,
vans, vænz,
behavior, bɪ 'heɪ vjɚ,
complain, kəm 'pleɪn,
complained, kəm 'pleɪnd,
complaining, kəm 'pleɪ nɪŋ,
complains, kəm 'pleɪnz,
interest,'ɪn ʧɹəst,
interests, ɪntɹɪss,
itself, ɪt 'sɛlf,
mirror,'miɚ ɚ,
mirrors,'miɚ ɚz,
recently,'ɹi sən tli,
stripper,'stɹɪ pɚ,
strippers,'stɹɪ pɚz,
subject,'sʌb ʤɛkt,
subjects,'sʌb ʤɛks,'sʌb ʤɛkts
bright, bɹaɪt,
brighter,'bɹaɪ ɾɚ,
brightest,'bɹaɪ ɾəst,
design, dɪ 'zaɪn,
designed, dɪ 'zaɪnd,
designing, dɪ 'zaɪ nɪŋ,
designs, dɪ 'zaɪnz,
general,'ʤɛ nɚ ɹəl,
kidney,'kɪd ni,
result, ɹə 'zʌlt,
results, ɹɪ 'zʌlts,
strike, stɹaɪk,
strikes, stɹaɪks,
Christian,'kɹɪs ʧən,
corn, koɚn,
correct, kə 'ɹɛkt,
donut,'doʊ nət,
donuts,'doʊ nʌts,
grandmother,'gɹænd mʌ ðɚ,
hugged, hʌgd,
hugging,'hʌ gɪŋ,
nightmare,'naɪt meɚ,
original, ʌ 'ɹɪ ʤə nəl,
ours,'aʊ wɚz,
position, pə 'zɪ ʃɪn,
positions, pə 'zɪ ʃənz,
quarter,'koɚ ɾɚ,
quarters,'kwoɚ tɚz,
rise, ɹaɪz,
risen,'ɹɪ zən,
rises,'ɹaɪ zəz,
rising,'ɹaɪ zɪŋ,
rose, ɹoʊz,
yellow,'jɛ loʊ,
fooled, fuld,
fooling,'fu lɪŋ,
annoy, ʌ 'noɪ,
annoyed, ʌ 'noɪd,
annoying, ə 'nɔ jɪŋ,
annoys, ə 'noɪz,
cans, kænz,
match, mæʧ,
matches,'mæ ʧəz,
traffic,'ʧɹæ fɪk,
actual,'æk ʃu wəl,
banana, bə 'næ nə,
bananas, bə 'næ nəz,
conference,'kɑn fɹəns,
conferences,'kɑn fɚ ən səz,
lake, leɪk,
lakes, leɪks,
medical,'mɛ ɾɪ kəl,
medicine,'mɛ də sɪn,
pray, pɹeɪ,
praying,'pɹeɪ ɪŋ,
shave, ʃeɪv,
shaved, ʃeɪvd,
shaving,'ʃeɪ vɪŋ,
tub, tʌb,
tubs, tʌbz,
bake, beɪk,
baked, beɪkt,
baking,'beɪ kɪŋ,
option,'ɑp ʃən,
options,'ɑp ʃənz,
South, saʊθ,
creepiest,'kɹi pi əst,
creepy,'kɹi pi,
douchebag,'duʃ bæg,
eventually, ə 'vɛn ʧə li,
interrupt, ɪn tɚ 'ɹʌpt,
interrupted, ɪn tɚ 'ɹʌp tɪd, ɪ nɚ 'ʌp tɪd
interrupting, ɪn tɚ 'ɹʌp tɪŋ, ɪ nɚ 'ʌp tɪŋ
interrupts, ɪn tɚ 'ɹʌpts, ɪ nɚ 'ʌpts
libraries,'laɪ bɹeɚ iz,
library,'laɪ bɹeɪ ɹi,
rude, ɹud,
ruder,'ɹu ɾɚ,
rudest,'ɹu ɾəst,
ad, æd,
ads, ædz,
advertisement,'æd vɚ taɪz mənt,
danger,'deɪn ʤɚ,
fourteen, foɚt 'in,
master,'mæ stɚ,
masters,'mæ stɚz,
math, mæθ,
propose, pɹə 'poʊz,
proposed, pɚ 'poʊzd,
proposes, pɚ 'poʊ zɪz,
proposing, pɚ 'poʊ zɪŋ,
Thursday,'θɚz deɪ,
Thursdays,'θɚz deɪz,
apart, ə 'pɑɚt,
darling,'dɑɚ lɪŋ,
gather,'gæ ðɚ,
gathered,'gæ ðɚd,
gathering,'gæ ðɚ ɹɪŋ,
gathers,'gæ ðɚz,
mostly,'moʊ stli,
bubble,'bʌ bəl,
bubbles,'bʌ bəlz,
energy,'ɛ nɚ ʤi,
heavier,'hɛ vi ɚ,
heaviest,'hɛ vi əst,
heavy,'hɛ vi,
laser,'leɪ zɚ,
manage,'mæ nɪʤ,
managed,'mæ nəʤd,
manages,'mæ nɪ ʤɪz,
managing,'mæ nə ʤɪŋ,
meanwhile,'mi nwaɪ əl,
network,'nɛ twɚk,
networks,'nɛ twɚks,
weapon,'wɛ pɪn,
weapons,'wɛ pənz,
bomb, bɑm,
bombs, bɑmz,
condition, kən 'dɪ ʃən,
conditions, kən 'dɪ ʃənz,
copies,'kɑ piz,
copy,'kɑ pi,
female,'fi meɪl,
parked, pɑɚkt,
quickly,'kwɪ kli,
religion, ɹə 'lɪ ʤɪn,
religions, ɹɪ 'lɪ ʤənz,
snow, snoʊ,
snows, snoʊz,
Tuesday,'tuz deɪ,
Tuesdays,'tuz deɪz,
version,'vɚ ʒɪn,
versions,'vɚ ʒənz,
cleared,'kli ɚd,
clearing,'kliɚ ɹɪŋ,
clears,'klɪ ɚz,
faith, feɪθ,
innocent,'ɪ nə sənt,
remove, ɹə 'muv,
removed, ɹə 'muvd,
removes, ɹə 'muvz,
removing, ɹɪ 'mu vɪŋ,
survive, sɚ 'vaɪv,
survived, sɚ 'vaɪvd,
survives, sɚ 'vaɪvz,
surviving, sɚ 'vaɪ vɪŋ,
bee, bi,
bees, biz,
bride, bɹaɪd,
brides, bɹaɪdz,
fifth, fɪθ,
several,'sɛ vɹəl,
basketball,'bæ skɪt bɑl,
downtown, daʊn 'taʊn,
elephant,'ɛ lə fɪnt,
elephants,'ɛ lə fənts,
wipe, waɪp,
wiped, waɪpt,
wipes, waɪps,
wiping,'waɪ pɪŋ,
arrest, ə 'ɹɛst,
arrested, ɚ 'ɛ stɪd,
bored, boɚd,
bullies,'bʊ liz,
bully,'bʊ li,
clock, klɑk,
clocks, klɑks,
indeed, ɪn 'did,
massage, mə 'sɑʒ,
massages, mə 'sɑ ʒɪz,
shape, ʃeɪp,
skip, skɪp,
skipped, skɪpt,
skipping,'skɪ pɪŋ,
skips, skɪps,
striking,'stɹaɪ kɪŋ,
struck, stɹʌk,
drier,'dɹaɪ ɚ,
driest,'dɹaɪ əst,
dry, dɹaɪ,
dryer,'dɹaɪ jɚ,
remain, ɹə 'meɪn,
remained, ɹɪ 'meɪnd,
remaining, ɹə 'meɪ nɪŋ,
remains, ɹə 'meɪnz,
style,'staɪ əl,
styles, staɪlz,
surgeries,'sɚ ʤɚ iz,
surgery,'sɚ ʤɚ ɹi,
toe, toʊ,
toes, toʊz,
yard, jɑɚd,
yards, jɑɚdz,
brilliant,'bɹɪ ljɪnt,
circle,'sɚ kəl,
circles,'sɚ kəlz,
duties,'du ɾiz,
duty,'du ɾi,
enemies,'ɛ nə miz,
enemy,'ɛ nə mi,
focus,'foʊ kɪs,
focuses,'foʊ kə sɪz,
lover,'lʌ vɚ,
lovers,'lʌ vɚz,
midnight,'mɪd naɪt,
simply,'sɪm pli,
Spanish,'spæ niʃ,
boom, bum,
describe, dɪ 'skɹaɪb,
described, dɪ 'skɹaɪbd,
describes, dɪ 'skɹaɪbz,
describing, dɪ 'skɹaɪ bɪŋ,
legal,'li gəl,
Mexican,'mɛk sə kən,
Mexicans,'mɛk sɪ kənz,
powerful,'paʊ wɚ fəl,
series,'siɚ ɹiz,
wire,'waɪ jɚ,
wires,'waɪ ɚz,
candle,'kæn dəl,
candles,'kæn dəlz,
diaper,'daɪ pɚ,
diapers,'daɪ pɚz,
direction, dɚ 'ɹɛk ʃən,
directions, dɚ 'ɛk ʃənz,
divorced, dɪ 'voɚst,
divorcing, dɪ 'voɚ sɪŋ,
eighteen,'eɪt in,
express, ɛk 'spɹɛs,
expressed, ɪk 'spɹɛst,
expresses, ɪk 'spɹɛ səz,
expressing, ɪk 'spɹɛ sɪŋ,
plastic,'plæ stɪk,
responsibilities, ɹɪ spɑn sɪ 'bɪ lə tiz,
responsibility, ɹə spɑn sə 'bɪ lə ɾi,
starve, stɑɚv,
starved, stɑɚvd,
starves, stɑɚvz,
starving,'stɑɚ vɪŋ,
united, ju 'naɪ ɾɪd,
worker,'wɚ kɚ,
workers,'wɚ kɚz,
AIDS, eɪdz,
immediately, ɪ 'mi di ɪ tli,
nowhere,'noʊ weɚ,
separate,'sɛ pɹɪt, sɛ pə 'ɹeɪt
separated,'sɛ pɚ eɪ ɾɪd,
separates,'sɛ pɚ eɪts,
separating,'sɛ pɚ eɪ ɾɪŋ,
emotional, ɪ 'moʊ ʃə nəl,
hardly,'haɚ dli,
pilot,'paɪ lɪt,
vampire,'væm paɪ ɚ,
attitude,'æ ɾɪ tud,
balloon, bə 'lun,
balloons, bə 'lunz,
exact, ɪg 'zækt,
frankly,'fɹeɪŋ kli,
hip, hɪp,
pet, pɛt,
pets, pɛts,
prank, pɹæŋk,
pranks, pɹæŋks,
announcement, ə 'naʊn smənt,
effect, ɪ 'fɛkt,
effects, ə 'fɛks,
escape, ə 'skeɪp,
escaped, ɪ 'skeɪpt,
escapes, ɪ 'skeɪps,
escaping, ɪ 'skeɪ pɪŋ,
golden,'goʊl dɪn,
nipple,'nɪ pəl,
nipples,'nɪ pəlz,
rough, ɹʌf,
trade, tɹeɪd,
traded,'tɹeɪ ɾɪd,
trades, tɹeɪdz,
trading,'tɹeɪ dɪŋ,
twin, twɪn,
twins, twɪnz,
waiter,'weɪ ɾɚ,
waiters,'weɪ ɾɚz,
architect,'ɑɚ kə tɛkt,
architects,'ɑɚ kə tɛkts,
beauty,'bju ɾi,
mate, meɪt,
mates, meɪts,
official, ə 'fɪ ʃəl,
practice,'pɹæk tɪs,
practiced,'pɹæk tɪst,
practices,'pɹæk tə səz,
practicing,'pɹæk tə sɪŋ,
t-shirt,'ti ʃɚt,
t-shirts,'ti ʃɚts,
bug, bʌg,
bugs, bʌgz,
crack, kɹæk,
cracked, kɹækt,
cracking,'kɹæ kɪŋ,
cracks, kɹæks,
contract,'kɑn tɹækt,
contracts,'kɑn tɹækts,
nail, neɪl,
nails, neɪlz,
recognize,'ɹɛ kɪg naɪz,
recognized,'ɹɛ kəg naɪzd,
recognizes,'ɹɛ kəg naɪ zəz,
recognizing,'ɹɛ kəg naɪ zɪŋ,
scientist,'saɪ ən tɪst,
scientists,'saɪ ən tɪsts,
shoulder,'ʃoʊl dɚ,
shoulders,'ʃoʊl dɚz,
successful, sək 'sɛs fəl,
view, vju,
views, vjuz,
basement,'beɪ smɪnt,
degree, dɪ 'gɹi,
degrees, dɪ 'gɹiz,
fortune,'foɚ ʧɪn,
fortunes,'foɚ ʧənz,
invitation, ɪn vɪ 'teɪ ʃən,
nailed, neɪld,
nailing,'neɪ lɪŋ,
professional, pɹə 'fɛ ʃə nəl,
search, sɚʧ,
searches,'sɚ ʧɪz,
swing, swɪŋ,
swinging,'swɪŋ ɪŋ,
swings, swɪŋz,
swung, swʌŋ,
trained, tɹeɪnd,
training,'ʧɹeɪ nɪŋ,
weather,'wɛ ðɚ,
alarm, ə 'lɑɚm,
kitties,'kɪ ɾiz,
kitty,'kɪ ɾi,
nap, næp,
naps, næps,
precious,'pɹɛ ʃəs,
product,'pɹɑ ɾʌkt,
products,'pɹɑ ɾəks,'pɹɔ dəkts
rabbit,'ɹæ bɪt,
role, ɹoʊl,
roles, ɹoʊlz,
snack, snæk,
snacks, snæks,
sucker,'sʌ kɚ,
suckers,'sʌ kɚz,
tag, tæg,
tags, tægz,
chef, ʃɛf,
chew, ʧu,
chewing,'ʧu wɪŋ,
evidence,'ɛ və dɪns,
fantasy,'fæn tə si,
operation, ɑ pɚ 'ɹeɪ ʃən,
operations, ɑ pɚ 'ɹeɪ ʃənz,
puppies,'pʌ piz,
puppy,'pʌ pi,
rain, ɹeɪn,
rains, ɹeɪnz,
spin, spɪn,
spinning,'spɪ nɪŋ,
spins, spɪnz,
spun, spʌn,
throat, θɹoʊt,
e-mail / email,'i meɪl,
emailed, i 'meɪld,
emailing, i 'meɪ lɪŋ,
emails,'i meɪlz,
presented, pɚ 'zɛ nəd,
presenting, pɹɪ 'zɛn tɪŋ,
reality, ɹi 'æ lə ti,
saint, seɪnt,
victim,'vɪk təm,
victims,'vɪk təmz,
waitress,'weɪ tɹəs,
waitresses,'weɪ tɹə sɪz,
booze, buz,
condom,'kɑn dəm,
condoms,'kɑn dəmz,
director, dɚ 'ɹɛk tɚ,
directors, dɚ 'ɛk tɚz,
hunt, hʌnt,
hunted,'hʌ nəd,
hunting,'hʌn tɪŋ,
hunts, hʌnts,
menu,'mɛ nju,
mysteries,'mɪ stɚ iz,
mystery,'mɪ stɚ ɹi,
regret, ɹɪ 'gɹɛt,
technically,'tɛk nɪ kli,
ton, tʌn,
tons, tʌnz,
attract, ə 'ʧɹækt,
attracted, ə 'ʧɹæk tɪd,
attracting, ə 'ʧɹæk tɪŋ,
attracts, ə 'tɹækts,
aware, ʌ 'weɚ,
chest, ʧɛst,
dentist,'dɛn tɪst,
focused,'foʊ kəst,
focusing,'foʊ kə sɪŋ,
illegal, ɪ 'li gəl,
junior,'ʤu njɚ,
mice, maɪs,
mouse, maʊs,
mouses,'maʊ sɪz,
pencil,'pɛn səl,
sentence,'sɛn təns,
sentences,'sɛn tən səz,
sixteen, sɪk 'stin,
squeeze, skwiz,
squeezed, skwizd,
squeezes,'skwi zɪz,
squeezing,'skwi zɪŋ,
audition, ɑ 'dɪ ʃən,
lobster,'lɑb stɚ,
success, sək 'sɛs,
successes, sək 'sɛ səz,
terrorist,'tɛ ɹɚ ɪst,
asleep, ə 'slip,
fashion,'fæ ʃən,
glove, glʌv,
gloves, glʌvz,
item,'aɪ ɾəm,
items,'aɪ ɾəmz,
recommend, ɹɛ kə 'mɛnd,
recommended, ɹɛ kə 'mɛn dɪd,
recommending, ɹɛ kə 'mɛn dɪŋ,
recommends, ɹɛ kə 'mɛnz,
tuna,'tu nʌ,
warehouse,'weɚ haʊs,
warehouses,'weɪ ɚ haʊ sɪz,
honored,'ɑ nɚd,
honoring,'ɑ nɚ ɪŋ,
Italian, ɪ 'tæ ljən,
Italians, ɪ 'tæ ljənz,
lazier,'leɪ zi ɚ,
laziest,'leɪ zi əst,
lazy,'leɪ zi,
panic,'pæ nɪk,
panicking,'pæ nɪ kɪŋ,
panics,'pæ nɪks,
tank, teɪŋk,
whale, weɪl,
zone, zoʊn,
zones, zoʊnz,
bachelor,'bæ ʧə lɚ,
chain, ʧeɪn,
chains, ʧeɪnz,
creature,'kɹi ʧɚ,
diamond,'daɪ mɪnd,
however, haʊ 'wɛ vɚ,
image,'ɪ məʤ,
images,'ɪ mə ʤəz,
parade, pɚ 'ɹeɪd,
rocket,'ɹɑ kɪt,
solution, sə 'lu ʃɪn,
solutions, sə 'lu ʃənz,
cable,'keɪ bəl,
cables,'keɪ bəlz,
culture,'kʌl ʧɚ,
garage, gə 'ɹɑʒ,
male, meɪl,
revenge, ɹə 'vɛnʤ,
shrimp, ʃɹɪmp,
shrimps, ʃɹɪmps,
taco,'tɑ koʊ,
tacos,'tɑ koʊz,
thin, θɪn,
thinner,'θɪ nɚ,
thinnest,'θɪ nɪst,
aside, ə 'saɪd,
bum, bʌm,
distract, dɪ 'stɹækt,
distracted, dɪ 'stɹæk təd,
distracting, dɪ 'stɹæk tɪŋ,
distracts, dɪ 'stɹækts,
DVD, di vi 'di,
DVDs, di vi 'diz,
humiliate, hju 'mɪ li eɪt,
humiliated, hju 'mɪ li eɪ ɾɪd,
humiliates, hju 'mɪ li eɪts,
humiliating, hju 'mɪ li eɪ ɾɪŋ,
locker,'lɑ kɚ,
lockers,'lɑ kɚz,
native,'neɪ ɾɪv,
performance, pɚ 'foɚ məns,
policies,'pɑ lə siz,
policy,'pɑ lə si,
ponies,'poʊ niz,
pony,'poʊ ni,
release, ɹə 'lis,
released, ɹə 'list,
releases, ɹɪ 'li sɪz,
releasing, ɹə 'li sɪŋ,
stone, stoʊn,
woohoo,'wu hu,
advantage, æd 'væn tɪʤ,
advantages, æd 'væ nɪ ʤɪz,
basket,'bæ skɪt,
breakup,'bɹeɪ kʌp,
device, dɪ 'vaɪs,
devices, dɪ 'vaɪ səz,
garden,'gɑɚ dɪn,
patient,'peɪ ʃɪnt,
patients,'peɪ ʃənz,
pink, pɪŋk,
represent, ɹɛ pɹə 'zɛnt,
represented, ɹɛ pɹɪ 'zɛ nɪd,
representing, ɹɛ pɹə 'zɛn tɪŋ,
represents, ɹɛ pɹɪ 'zɛnts,
thirteen,'θɚt in,
treasure,'ʧɹɛ ʒɚ,
amount, ə 'maʊnt,
amounts, ə 'maʊnts,
fart, fɑɚt,
newspaper,'nuz peɪ pɚ,
wind, wɪnd,
winds, wɪndz,
ashamed, ə 'ʃeɪmd,
champion,'ʧæm pi ɪn,
lighted,'laɪ ɾəd,
lighting,'laɪ ɾɪŋ,
lit, lɪt,
per, pɚ,
scout, skaʊt,
scouts, skaʊts,
guitar, gɪ 'tɑɚ,
mental,'mɛn təl,
sensitive,'sɛn sə ɾɪv,
heat, hit,
heats, hits,
otherwise,'ʌ ðɚ waɪz,
seventeen, sɛ vɪn 'tin,
string, stɹɪŋ,
strings, stɹɪŋz,
winding,'waɪn dɪŋ,
wound, waʊnd,
downstairs,'daʊn stæ ɚz,
impressive, ɪm 'pɹɛ sɪv,
poop, pup,
poops, pups,
properties,'pɹɑ pɚ ɾiz,
property,'pɹɑ pɚ ɾi,
skill, skɪl,
skills, skɪlz,
dammit,'dæ mɪt,
pancake,'pæŋ keɪk,
slowed, sloʊd,
slowing,'sloʊ wɪŋ,
slows, sloʊz,
strangers,'stɹeɪn ʤɚz,
charities,'ʧeɚ ə ɾiz,
charity,'ʧeɚ ə ɾi,
freedom,'fɹi dəm,
pour, poɚ,
poured, poɚd,
pouring,'poɚ ɪŋ,
pours, poɚz,
stuffing,'stʌ fɪŋ,
tradition, ʧɹə 'dɪ ʃɪn,
beef, bif,
bullet,'bʊ lɪt,
curious,'kjʊ ɹi ɪs,
disaster, dɪ 'zæ stɚ,
factories,'fæk tɚ iz,
factory,'fæk tɚ ɹi,
forest,'foɚ ɪst,
forests,'foɚ əs,
odd, ɑd,
provide, pɹə 'vaɪd,
provided, pɚ 'vaɪ dɪd,
provides, pɚ 'vaɪdz,
providing, pɚ 'vaɪ dɪŋ,
repeat, ɹə 'pit,
repeated, ɹə 'pi ɾɪd,
repeating, ɹɪ 'pi ɾɪŋ,
repeats, ɹɪ 'pits,
section,'sɛk ʃən,
sections,'sɛk ʃənz,
subway,'sʌ bweɪ,
choke, ʧoʊk,
choking,'ʧoʊ kɪŋ,
cowboy,'kaʊ boɪ,
dirt, dɚt,
frog, fɹɑg,
pumpkin,'pʌmp kɪn,
swallow,'swɑ loʊ,
swallowed,'swɑ loʊd,
swallowing,'swɑ loʊ ɪŋ,
swallows,'swɑ loʊz,
bacon,'beɪ kɪn,
clever,'klɛ vɚ,
competition, kɑm pə 'tɪ ʃən,
heh, hɛ,
lick, lɪk,
licking,'lɪ kɪŋ,
mission,'mɪ ʃən,
pair, peɚ,
pairs,'peɪ ɚz,
soap, soʊp,
tail, teɪl,
tails, teɪlz,
tattoo, tæ 'tu,
activities, æk 'tɪ və ɾiz,
activity, æk 'tɪ vɪ ɾi,
bridge, bɹɪʤ,
bridges,'bɹɪ ʤəz,
detail,'di teɪl,
details,'di teɪlz,
diet,'daɪ jɪt,
insult,'ɪn sʌlt,
insulted, ɪn 'sʌl tɪd,
insulting, ɪn 'sʌl tɪŋ,
insults,'ɪn sʌlts,
theme, θim,
themes, θimz,
universities, ju nə 'vɚ sə ɾiz,
university, ju nə 'vɚ sə ɾi,
champagne, ʃæm 'peɪn,
charming,'ʧɑɚ mɪŋ,
compare, kəm 'peɚ,
compared, kəm 'peɪ ɚd,
compares, kəm 'peɪ ɚz,
comparing, kəm 'pɛ ɹɪŋ,
gut, gʌt,
guts, gʌts,
map, mæp,
maps, mæps,
napkin,'næp kɪn,
napkins,'næp kɪnz,
applied, ə 'plaɪd,
applies, ə 'plaɪz,
apply, ʌ 'plaɪ,
applying, ə 'plaɪ ɪŋ,
challenge,'ʧæ lɪnʤ,
challenged,'ʧæ ləʤd,
challenges,'ʧæ lən ʤɪz,
challenging,'ʧæ lən ʤɪŋ,
collect, kə 'lɛkt,
collected, kə 'lɛk təd,
collecting, kə 'lɛk tɪŋ,
collects, kə 'lɛkts,
cupcake,'kʌp keɪk,
fridge, fɹɪʤ,
imagination, ɪ mæ ʤɪ 'neɪ ʃən,
joked, ʤoʊkt,
joking,'ʤoʊ kɪŋ,
pad, pæd,
pads, pædz,
script, skɹɪpt,
scripts, skɹɪps,
whip, wɪp,
whipping,'wɪ pɪŋ,
whoop, whoop,
whooped, whoop,
whooping, whoop,
whoops, whoop,
affair, ʌ 'feɚ,
benefit,'bɛ nə fɪt,
benefits,'bɛ nə fɪts,
beyond, bi 'ɑnd,
booked, bʊkt,
booking,'bʊ kɪŋ,
citizen,'sɪ ɾɪ zɪn,
citizens,'sɪ ɾə zənz,
farted,'fɑɚ ɾɪd,
farting,'fɑɚ tɪŋ,
grant, gɹænt,
granted,'gɹæ nəd,
granting,'gɹæ nɪŋ,
grants, gɹænts,
junk, ʤʌŋk,
junks, ʤəŋks,
magical,'mæ ʤɪ kəl,
prom, pɹɑm,
schedule,'skɛ ʤu wəl,
schedules,'skɛ ʤʊlz,
studio,'stu di oʊ,
value,'væ lju,
values,'væ ljuz,
wise, waɪz,
wiser,'waɪ zɚ,
wisest,'waɪ zəst,
Bible,'baɪ bəl,
clue, klu,
clues, kluz,
friendlier,'fɹɛn li ɚ,
friendliest,'fɹɛn li ɪst,
friendly,'fɹɛn dli,
suicide,'su ə saɪd,
Wednesday,'wɛnz deɪ,
Wednesdays,'wɛnz deɪz,
claim, kleɪm,
claimed, kleɪmd,
claiming,'kleɪ mɪŋ,
claims, kleɪmz,
complicate,'kɑm plə keɪt,
complicated,'kɑm plə keɪ ɾɪd,
complicates,'kɑm plɪ keɪts,
complicating,'kɑm plə keɪ ɾɪŋ,
doubt, daʊt,
doubts, daʊts,
generation, ʤɛ nɚ 'ɹeɪ ʃən,
generations, ʤɛ nɚ 'ɹeɪ ʃənz,
grave, gɹeɪv,
require, ɹə 'kwaɪ ɚ,
required, ɹə 'kwaɪ jɚd,
requires, ɹɪ 'kwaɪ ɚz,
requiring, ɹi 'kwaɪ ɚ ɪŋ,
stair, steɚ,
stairs, steɚz,
album,'æl bəm,
depend, də 'pɛnd,
depended, dɪ 'pɛn dəd,
depending, dɪ 'pɛn dɪŋ,
depends, də 'pɛnz,
maid, meɪd,
maids, meɪdz,
moron,'moɚ ɹɑn,
necessary,'nɛ sə seɚ ɹi,
oven,'ʌ vɪn,
refer, ɹə 'fɚ,
referred, ɹə 'fɚd,
referring, ɹɪ 'fɚ ɪŋ,
refers, ɹə 'fɚz,
scratch, skɹæʧ,
scratched, skɹæʧt,
scratches,'skɹæ ʧəz,
scratching,'skɹæ ʧɪŋ,
spill, spɪl,
spilled, spɪld,
spilling,'spɪ lɪŋ,
spills, spɪlz,
stain, steɪn,
adopt, ə 'dɑpt,
brush, bɹʌʃ,
brushed, bɹʌʃt,
brushes,'bɹʌ ʃɪz,
brushing,'bɹʌ ʃɪŋ,
deliveries, dɪ 'lɪ vɚ iz,
delivery, də 'lɪ vɚ ɹi,
disappear, dɪ sə 'piɚ,
disappeared, dɪ sə 'pi ɚd,
disappearing, dɪ sə 'piɚ əŋ,
disappears, dɪ sə 'pi ɚz,
elementary, ɛ lə 'mɛn tɹi,
humor,'hju mɚ,
Asian,'eɪ ʒɪn,
Asians,'eɪ ʒənz,
boot, but,
boots, buts,
connection, kə 'nɛk ʃən,
connections, kə 'nɛk ʃənz,
eve, iv,
eves, ivz,
happiness,'hæ pi nɪs,
lifetime,'laɪf taɪm,
officially, ə 'fɪ ʃə li,
qualities,'kwɑ lə ɾiz,
quality,'kwɑ lə ɾi,
agreement, ʌ 'gɹi mɪnt,
agreements, ə 'gɹi mənts,
argument,'ɑɚ gjə mɪnt,
arguments,'ɑɚ gjə mənts,
carpet,'kɑɚ pɪt,
crisis,'kɹaɪ sɪs,
drawer, dɹoɚ,
drawers, dɹoɚz,
incredibly, ɪŋ 'kɹɛ ɾə bli,
loose, lus,
looser,'lu sɚ,
loosest, lusst,
refuse, ɹɪ 'fjuz,
refused, ɹə 'fjuzd,
refuses, ɹə 'fju zəz,
refusing, ɹə 'fju zɪŋ,
risk, ɹɪsk,
risks, ɹɪsks,
selfish,'sɛl fɪʃ,
village,'vɪ lɪʤ,
villages,'vɪ lə ʤəz,
anger,'eɪŋ gɚ,
assure, ə 'ʃɚ,
assured, ə 'ʃɚd,
assures, ʌ 'ʃɚz,
assuring, ə 'ʃʊ ɹɪŋ,
beloved, bə 'lʌ vɪd,
bingo,'bɪŋ goʊ,
bunny,'bʌ ni,
crawl, kɹɔl,
crawling,'kɹɔ lɪŋ,
demand, dɪ 'mænd,
demanded, dɪ 'mæn dəd ,
demanding, dɪ 'mæn dɪŋ ,
demands, dɪ 'mændz,
desperate,'dɛ spɹɪt,
elevator,'ɛ lə veɪ ɾɚ,
goat, goʊt,
honeymoon,'hʌ ni mun,
insist, ɪn 'sɪst,
insisted, ɪn 'sɪ stəd,
insisting, ɪn 'sɪ stɪŋ,
insists, ɪn 'sɪsts,
murdered,'mɚ ɾɚd,
murdering,'mɚ ɾɚ ɪŋ,
pennies,'pɛ niz,
penny,'pɛ ni,
usual,'ju ʒə wəl,
copied,'kɑ pid,
copying,'kɑ pi ɪŋ,
festival,'fɛ stə vəl,
tennis,'tɛ nɪs,
threaten,'θɹɛ tən,
cigar, sɪ 'gɑɚ,
dancer,'dæn sɚ,
heck, hɛk,
material, mə 'tiɚ i əl,
Yankee,'jeɪŋ ki,
Yankees,'jæŋ kiz,
chapter,'ʧæp tɚ,
chapters,'ʧæp tɚz,
chat, ʧæt,
chats, ʧæts,
chatted,'ʧæ ɾəd,
chatting,'ʧæ ɾɪŋ,
homeless,'hoʊ mlɪs,
lap, læp,
laps, læps,
major,'meɪ ʤɚ,
mark, mɑɚk,
marked, mɑɚkt,
marking,'mɑɚ kɪŋ,
marks, mɑɚks,
river,'ɹɪ vɚ,
shark, ʃɑɚk,
strength, stɹeɪŋkθ,
strengths, stɹeɪŋθs,
accidentally, æk sə 'dɛn tə li,
ancient,'eɪn ʃənt,
collection, kə 'lɛk ʃən,
collections, kə 'lɛk ʃənz,
exercise,'ɛk sɚ saɪz,
exercises,'ɛk sɚ saɪ zəz,
include, ɪŋ 'klud,
included, ɪŋ 'klu ɾɪd,
includes, ɪn 'kludz,
including, ɪŋ 'klu ɾɪŋ,
muffin,'mʌ fɪn,
offense, ə 'fɛns,
screen, skɹin,
screens, skɹinz,
tomato, tə 'meɪ ɾoʊ,
tomatoes, tə 'meɪ toʊz,
cafeteria, kæ fə 'tiɚ i ə,
crappiest,'kɹæ pi əst,
crappy,'kɹæ pi,
Japanese, ʤæ pə 'niz,
statue,'stæ ʧu,
supplies, sə 'plaɪz,
supply, sə 'plaɪ,
tool,'tu əl,
tools, tulz,
versus,'vɚ sɪz,
winter,'wɪn tɚ,
winters,'wɪn tɚz,
bend, bɛnd,
bending,'bɛn dɪŋ,
bends, bɛnz,
bent, bɛnt,
commitment, kə 'mɪt mɪnt,
disturb, dɪ 'stɚb,
disturbed, dɪ 'stɚbd,
disturbing, dɪ 'stɚ bɪŋ,
disturbs, dɪ 'stɚbz,
fished, fɪʃt,
fishing,'fɪ ʃɪŋ,
joy, ʤoɪ,
joys, ʤoɪz,
presentation, pɹɛ zən 'teɪ ʃən,
presentations, pɹɛ zən 'teɪ ʃənz,
shove, ʃʌv,
tube, tub,
experiment, ɪk 'speɚ ə mɪnt,
experiments, ɪk 'spɛ ɹə mənts,
fellow,'fɛ loʊ,
German,'ʤɚ mən,
Germans,'ʤɚ mənz,
jar, ʤɑɚ,
mint, mɪnt,
physical,'fɪ zɪ kəl,
punish,'pʌ nɪʃ,
punishing,'pʌ nɪ ʃɪŋ,
remote, ɹə 'moʊt,
slut, slʌt,
twist, twɪst,
twisted,'twɪ stɪd,
twisting,'twɪ stɪŋ,
twists, twɪsts,
cap, kæp,
caps, kæps,
criminal,'kɹɪ mɪ nəl,
inspire, ɪn 'spaɪ jɚ,
inspiring, ɪn 'spaɪ ɹɪŋ,
main, meɪn,
panda,'pæn də,
sank, seɪŋk,
sink, sɪŋk,
sinking,'sɪŋ kɪŋ,
sinks, sɪŋks,
smooth, smuð,
smoother,'smu ðɚ,
smoothest,'smu ðɪst,
snap, snæp,
snapped, snæpt,
snapping,'snæ pɪŋ,
snaps, snæps,
sunk, sʌŋk,
thumb, θʌm,
witness,'wɪt nɪs,
witnesses,'wɪt nə səz,
abandon, ə 'bæn dɪn,
abandoned, ʌ 'bæn dɪnd,
abandoning, ə 'bæn də nɪŋ,
abandons, ə 'bæn dənz,
affect,'æ fɛkt,
affected, ə 'fɛk tɪd,
affecting, ə 'fɛk tɪŋ,
affects,'æ fɛkts,
beard, biɚd,
bucket,'bʌ kɪt,
buckets,'bʌ kəts,
counties,'kaʊ niz,
county,'kaʊn ti,
gain, geɪn,
gained, geɪnd,
gaining,'geɪ nɪŋ,
gains, geɪnz,
poem,'poʊ əm,
reporter, ɹə 'poɚ ɾɚ,
review, ɹə 'vju,
reviews, ɹə 'vjuz,
among, ʌ 'mʌŋ,
batteries,'bæ ɾɚ iz,
battery,'bæ ɾɚ ɹi,
denied, dɪ 'naɪd,
denies, dɪ 'naɪz,
deny, dɪ 'naɪ,
denying, dɪ 'naɪ ɪŋ,
electric, ə 'lɛk tɹɪk,
flavor,'fleɪ vɚ,
flavors,'fleɪ vɚz,
forbade, fɚ 'bæd,
forbid, fɚ 'bɪd,
forbidden, fɚ 'bɪ dən,
forbidding, fɚ 'bɪ ɾɪŋ,
forbids, fɚ 'bɪdz,
fudge, fʌʤ,
hooray, hʊ 'ɹeɪ,
obsess, əb 'sɛs,
obsessed, əb 'sɛst,
positive,'pɑ zə ɾɪv,
rob, ɹɑb,
robbed, ɹɑbd,
robbing,'ɹɑ bɪŋ,
robs, ɹɑbz,
signal,'sɪg nəl,
signals,'sɪg nəlz,
solid,'sɑ lɪd,
website,'wɛb saɪt,
websites,'wɛb saɪts,
ay, aɪ,
aye, aɪ,
centuries,'sɛn ʧɚ iz,
century,'sɛn ʧɚ ɹi,
click, klɪk,
clicked, klɪkt,
clicking,'klɪ kɪŋ,
clicks, klɪks,
cracker,'kɹæ kɚ,
crackers,'kɹæ kɚz,
effort,'ɛ fɚt,
efforts,'ɛ fɚts,
gate, geɪt,
gates, geɪts,
hooker,'hʊ kɚ,
impression, ɪm 'pɹɛ ʃən,
inappropriate, ɪ nə 'pɹoʊ pɹi ɪt,
inspector, ɪn 'spɛk tɚ,
statement,'steɪt mɪnt,
statements,'steɪt mənts,
thrill, θɹɪl,
thrilled, θɹɪld,
wiener,'waɪ nɚ,
bond, bɑnd,
bonding,'bɑn dɪŋ,
bonds, bɑndz,
filthy,'fɪl θi,
grandfather,'gɹænd fɑ ðɚ,
host, hoʊst,
hosts, hoʊsts,
producer, pɚ 'du sɚ,
witch, wɪʧ,
witches,'wɪ ʧəz,
appropriate, ə 'pɹoʊ pɹi ɪt,
coincidence, koʊ 'wɪn sɪ ɾəns,
coincidences, koʊ 'ɪn sə ɾən sɪz,
furniture,'fɚ nə ʧɚ,
lemon,'lɛ mɪn,
load, loʊd,
loaded,'loʊ ɾɪd,
loading,'loʊ ɾɪŋ,
loads, loʊdz,
mock, mɑk,
mocked, mɑkt,
mocking,'mɑ kɪŋ,
mocks, mɑks,
normally,'noɚ mə li,
physics,'fɪ zɪks,
sack, sæk,
sacks, sæks,
stock, stɑk,
stocks, stɑks,
storm, stoɚm,
wheelchair,'wil ʧeɚ,
announce, ə 'naʊns,
announced, ə 'naʊnst,
announces, ə 'naʊn sɪz,
announcing, ə 'naʊn sɪŋ,
bagel,'beɪ gəl,
cocktail,'kɑk teɪl,
committee, kə 'mɪ ɾi,
committees, kə 'mɪ ɾiz,
crew, kɹu,
crews, kɹuz,
defense, dɪ 'fɛns,
defenses, dɪ 'fɛn səz,
ex, ɛks,
exes,'ɛk sɪz,
extremely, ɪk 'stɹi mli,
file,'faɪ əl,
files,'faɪ əlz,
haircut,'heɚ kʌt,
loss, lɑs,
losses,'lɑ sɪz,
proof, pɹuf,
salt, sɔlt,
scored, skoɚd,
scoring,'skoɚ ɪŋ,
spare, speɚ,
spared,'speɪ ɚd,
spares,'speɪ ɚz,
sparing,'speɚ ɪŋ,
taped, teɪpt,
taping,'teɪ pɪŋ,
fairies,'feɚ iz,
fairy,'feɚ ɹi,
fort, foɚt,
grape, gɹeɪp,
grapes, gɹeɪps,
make-up,'meɪ kʌp,
makeup,'meɪ kʌp,
nation,'neɪ ʃən,
nations,'neɪ ʃənz,
blocked, blɑkt,
blocking,'blɑ kɪŋ,
childhood,'ʧaɪld hʊd,
develop, dɪ 'vɛ ləp,
developed, dɪ 'vɛ ləpt,
developing, də 'vɛ lə pɪŋ,
develops, dɪ 'vɛ ləps,
raced, ɹeɪst,
racing,'ɹeɪ sɪŋ,
reference,'ɹɛ fɹəns,
references,'ɹɛ fɚ ən sɪz,
shorts, ʃoɚts,
therapist,'θeɚ ə pɪst,
tipped, tɪpt,
tipping,'tɪ pɪŋ,
tone, toʊn,
warmed, woɚmd,
warming,'woɚ mɪŋ,
warms, woɚmz,
accent,'æk sɛnt,
accents,'æk sɛnts,
avenue,'æ və nu,
below, bə 'loʊ,
cloud, klaʊd,
clouds, klaʊdz,
distance,'dɪ stəns,
distances,'dɪ stən səz,
doubted,'daʊ ɾɪd,
doubting,'daʊ ɾɪŋ,
exhaust, ɪg 'zɔst,
exhausted, ɪg 'zɔ stɪd,
exhausting, ɪg 'zɔ stɪŋ,
goal, goʊl,
goals, goʊlz,
groceries,'gɹoʊ sɚ iz,
grocery,'gɹoʊ sɹi,
suggestion, səg 'ʤɛs ʧɪn,
suggestions, sə 'ʤɛs ʧɪnz,
belief, bə 'lif,
bump, bʌmp,
bumped, bʌmt,
bumping,'bʌm pɪŋ,
bumps, bʌmps,
inch, ɪnʧ,
inches,'ɪn ʧəz,
juries,'ʤʊ ɹiz,
jury,'ʤɚ i,
neat, nit,
neatest,'ni ɾəst,
odds, ɑdz,
reservation, ɹɛ zɚ 'veɪ ʃɪn,
rush, ɹʌʃ,
rushed, ɹʌʃt,
rushes,'ɹʌ ʃəz,
rushing,'ɹʌ ʃɪŋ,
spider,'spaɪ ɾɚ,
squirrel,'skwɚ əl,
topic,'tɑ pɪk,
topics,'tɑ pɪks,
toss, tɔs,
tossed, tɔst,
tosses,'tɔ sɪz,
tossing,'tɔ sɪŋ,
uniform,'ju nə foɚm,
violence,'vaɪ ə lɪns,
wide, waɪd,
wider,'waɪ ɾɚ,
widest,'waɪ ɾəst,
zoo, zu,
boo, bu,
bullshit,'bʊl ʃɪt,
cruel, kɹul,
cruelest,'kɹu ləst,
dial, daɪl,
dialed,'daɪ əld,
dialing,'daɪ lɪŋ,
dials, daɪlz,
jeans, ʤinz,
pile,'paɪ əl,
piles, paɪlz,
poison,'poɪ zɪn,
pure, pjɚ,
purest,'pjʊ ɹəst,
romance, ɹoʊ 'mæns,
slave, sleɪv,
slaves, sleɪvz,
slowly,'sloʊ li,
awake, ə 'weɪk,
belly,'bɛ li,
booth, buθ,
booths, buθs,
gentle,'ʤɛn təl,
opera,'ɑ pɹʌ,
pipe, paɪp,
pipes, paɪps,
poster,'poʊ stɚ,
posters,'poʊ stɚz,
Russian,'ɹʌ ʃən,
sweep, swip,
sweeping,'swi pɪŋ,
sweeps, swips,
swept, swɛpt,
sword, soɚd,
swords, soɚdz,
ultimate,'ʌl tə mɪt,
debate, dɪ 'beɪt,
explode, ɪk 'sploʊd,
exploded, ɪk 'sploʊ ɾəd,
exploding, ɪk 'sploʊ ɾɪŋ,
float, floʊt,
floating,'floʊ ɾɪŋ,
floats, floʊts,
justice,'ʤʌ stɪs,
poker,'poʊ kɚ,
pride, pɹaɪd,
rained, ɹeɪnd,
raining,'ɹeɪ nɪŋ,
rare, ɹeɚ,
rarer,'ɹeɚ ɚ,
rarest,'ɹeɚ əst,
rumor,'ɹu mɚ,
rumors,'ɹu mɚz,
title,'taɪ ɾəl,
vision,'vɪ ʒɪn,
wrestle,'ɹɛ səl,
wrestles,'ɹɛ səlz,
wrestling,'ɹɛ slɪŋ,
column,'kɑ ləm,
columns,'kɑ ləmz,
connect, kə 'nɛkt,
connected, kə 'nɛk tɪd,
connecting, kə 'nɛk tɪŋ,
connects, kə 'nɛkts,
hockey,'hɑ ki,
kidnap,'kɪd næp,
kidnapping,'kɪd næ pɪŋ,
limo,'lɪ moʊ,
meanest,'mi nəst,
painful,'peɪn fəl,
path, pæθ,
paths, pæðz,
permission, pɚ 'mɪ ʃɪn,
prince, prince,
princes,'pɹɪn səz,
process,'pɹɑ sɛs,
processes,'pɹɑ sɛ səz,
senator,'sɛ nə ɾɚ,
smash, smæʃ,
smashing,'smæ ʃɪŋ,
anytime,'ɛ ni taɪm,
bat, bæt,
ceremony,'sɛ ɹə moʊ ni,
declare, dɪ 'kleɚ,
declared, də 'kleɪ ɚd,
declares, dɪ 'kleɚz,
declaring, də 'kleɚ əŋ,
helpful,'hɛlp fʊl,
iron,'aɪ jɚn,
irons,'aɪ ɚnz,
print, pɹɪnt,
printed,'pɹɪ nəd,
printing,'pɹɪn tɪŋ,
prints, pɹɪnts,
rope, ɹoʊp,
sail,'seɪ əl,
sailed, seɪld,
sailing,'seɪ lɪŋ,
sails, seɪlz,
attend, ʌ 'tɛnd,
attended, ə 'tɛn dɪd,
attending, ə 'tɛn dɪŋ,
attends, ʌ 'tɛnz,
doom, dum,
education, ɛ ʤə 'keɪ ʃən,
flush, flʌʃ,
flushed, flʌʃt,
flushes,'flʌ ʃɪz,
flushing,'flʌ ʃɪŋ,
fries, fɹaɪz,
fry, fɹaɪ,
melt, mɛlt,
melted,'mɛl təd,
melting,'mɛl tɪŋ,
melts, mɛlts,
pardon,'pɑɚ dɪn,
passion,'pæ ʃɪn,
passions,'pæ ʃənz,
personally,'pɚ sə nə li,
pooped, pupt,
pooping,'pu pɪŋ,
popcorn,'pɑp koɚn,
pussies,'pʊ siz,
pussy,'pʊ si,
tricked, tɹɪkt,
tricking,'tɹɪ kɪŋ,
zombie,'zɑm bi,
zombies,'zɑm biz,
ankle,'eɪŋ kəl,
bail, beɪl,
bailing,'beɪ lɪŋ,
bowling,'boʊ lɪŋ,
discount,'dɪ skaʊnt,
discounts,'dɪ skaʊnts,
entertainment, ɛ nɚ 'teɪn mənt,
jazz, ʤæz,
kindest,'kaɪn dəst,
lion,'laɪ jɪn,
matched, mæʧt,
matching,'mæ ʧɪŋ,
prayer, pɹeɚ,
prayers,'pɹeɪ ɚz,
stamp, stæmp,
stamps, stæmps,
betray, bə 'ʧɹeɪ,
betrayed, bɪ 'tɹeɪd,
betraying, bɪ 'tɹeɪ ɪŋ,
betrays, bɪ 'tɹeɪz,
bracelet,'bɹeɪ slɪt,
brownie,'bɹaʊ ni,
brownies,'bɹaʊ niz,
creative, kɹi 'eɪ ɾɪv,
expression, ɪk 'spɹɛ ʃɪn,
expressions, ɪk 'spɹɛ ʃənz,
negative,'nɛ gə ɾɪv,
pickle,'pɪ kəl,
pickles,'pɪ kəlz,
puzzle,'pʌ zəl,
recipe,'ɹɛ sə pi,
stab, stæb,
stabbed, stæbd,
stabbing,'stæ bɪŋ,
stabs, stæbz,
toward, twoɚd,
wave, weɪv,
waved, weɪvd,
waves, weɪvz,
waving,'weɪ vɪŋ,
wherever, weɚ 'ɛ vɚ,
article,'ɑɚ ɾɪ kəl,
articles,'ɑɚ tə kəlz,
backwards,'bæ kwɚdz,
central,'sɛn ʧɹəl,
hamburger,'hæm bɚ gɚ,
hamburgers,'hæm bɚ gɚz,
mustache,'mʌ stæʃ,
pudding,'pʊ ɾɪŋ,
seek, sik,
seeking,'si kɪŋ,
seeks, siks,
slid, slɪd,
slide, slaɪd,
slides, slaɪdz,
sliding,'slaɪ ɾɪŋ,
sought, sɔt,
tit, tɪt,
tits, tɪts,
trial,'tɹaɪ əl,
trials, ʧɹaɪlz,
trophies,'tɹoʊ fiz,
trophy,'tɹoʊ fi,
damage,'dæ mɪʤ,
damages,'dæ mə ʤəz,
decent,'di sənt,
easily,'i zə li,
engine,'ɛn ʤɪn,
engines,'ɛn ʤənz,
journey,'ʤɚ ni,
ketchup,'kɛ ʧʌp,
lawn, lɔn,
lawns, lɔnz,
placed, pleɪst,
placing,'pleɪ sɪŋ,
pretzel,'pɹɛt zəl,
routine, ɹu 'tin,
routines, ɹu 'tinz,
sand, sænd,
sands, sændz,
stretch, stɹɛʧ,
stretched, stɹɛʧt,
stretches,'stɹɛ ʧəz,
stretching,'stɹɛ ʧɪŋ,
whack, wæk,
bloodiest,'blʌ ɾi əst,
bloody,'blʌ ɾi,
brand, bɹænd,
brands, bɹændz,
British,'bɹɪ ɾɪʃ,
budget,'bʌ ʤɪt,
budgets,'bʌ ʤɪts,
cabin,'kæ bɪn,
cabins,'kæ bənz,
determine, dɪ 'tɚ mən,
determined, dɪ 'tɚ mənd,
determines, də 'tɚ mənz,
determining, dɪ 'tɚ mə nɪŋ,
doggy,'dɔ gi,
entertain, ɛn tɚ 'teɪn,
entertained, ɛ nɚ 'teɪnd,
entertaining, ɛn tɚ 'teɪ nɪŋ,
entertains, ɛ nɚ 'teɪnz,
helmet,'hɛl mɪt,
helmets,'hɛl məts,
jackass,'ʤæ kæs,
media,'mi di ə,
motion,'moʊ ʃɪn,
motions,'moʊ ʃənz,
poke, poʊk,
poked, poʊkt,
pokes, poʊks,
poking,'poʊ kɪŋ,
practically,'pɹæk tɪ kli,
ruled, ɹuld,
ruling,'ɹu lɪŋ,
scotch, skɑʧ,
source, soɚs,
sources,'soɚ səz,
spoil,'spoɪ əl,
spoiled,'spoɪ əld,
spoiling,'spoɪ lɪŋ,
spoils, spoɪz,
teen, tin,
teenager,'ti neɪ ʤɚ,
teenagers,'ti neɪ ʤɚz,
teens, tinz,
turtle,'tɚ ɾəl,
authorities, ə 'θɔ ɹə ɾiz,
authority, ə 'θɔ ɹə ɾi,
bled, blɛd,
bleed, blid,
bleeding,'bli ɾɪŋ,
bleeds, blidz,
comment,'kɑ mɛnt,
comments,'kɑ mɛnts,
compete, kəm 'pit,
competed, kəm 'pi ɾɪd,
competes, kəm 'pits,
competing, kəm 'pi ɾɪŋ,
confidence,'kɑn fə dɪns,
convention, kən 'vɛn ʃən,
conventions, kən 'vɛn ʃənz,
defend, dɪ 'fɛnd,
defended, dɪ 'fɛn dəd,
defending, dɪ 'fɛn dɪŋ,
defends, də 'fɛnz,
flash, flæʃ,
flashes,'flæ ʃɪz,
heal,'hi əl,
healed, hild,
healing,'hi lɪŋ,
heals, hilz,
hippies,'hɪ piz,
phase, feɪz,
phases,'feɪ zəz,
puppet,'pʌ pɪt,
respond, ɹə 'spɑnd,
responded, ɹɪ 'spɑn dɪd,
responding, ɹɪ 'spɑn dɪŋ,
responds, ɹɪ 'spɑndz,
reveal, ɹə 'vi əl,
revealed, ɹɪ 'vild,
revealing, ɹɪ 'vi lɪŋ,
reveals, ɹɪ 'vilz,
sharp, ʃɑɚp,
sharper,'ʃɑɚ pɚ,
sharpest,'ʃɑɚ pəst,
transfer,'ʧɹæn sfɚ,
transferred,'tɹæn sfɚd,
transferring, tɹæn 'sfɚ ɪŋ,
transfers,'tɹæn sfɚz,
wig, wɪg,
aisle, aɪl,
aisles, aɪlz,
command, kə 'mænd,
commands, kə 'mændz,
detective, də 'tɛk tɪv,
dolphin,'dɑl fɪn,
exit,'ɛg zɪt,
exits,'ɛg zɪts,
expert,'ɛk spɚt,
experts,'ɛk spɚts,
grand, gɹænd,
grandest,'gɹæn dəst,
heated,'hi ɾəd,
heating,'hi ɾɪŋ,
industries,'ɪn də stɹiz,
industry,'ɪn də stɹi,
label,'leɪ bəl,
labels,'leɪ bəlz,
limit,'lɪ mɪt,
limits,'lɪ məts,
mature, mə 'ʧɚ,
pitch, pɪʧ,
pump, pʌmp,
pumping,'pʌm pɪŋ,
pumps, pʌmps,
racist,'ɹeɪ sɪst,
whom, hum,
comedian, kə 'mi ɾi ən,
compliment,'kɑm plə mɪnt,
compliments,'kɑm plə mɛnts,
fork, foɚk,
forks, foɚks,
guarantee, geɚ ən 'ti,
guaranteed, geɚ ɪn 'tid,
guaranteeing, gɛ ɹən 'ti ɪŋ,
guarantees, geɚ ɪn 'tiz,
magician, mə 'ʤɪ ʃən,
murderer,'mɚ ɾɚ ɚ,
murderers,'mɚ ɾɚ ɚz,
occur, ə 'kɚ,
occurred, ə 'kɚd,
occurring, ə 'kɚ ɪŋ,
occurs, ə 'kɚz,
pork, poɚk,
soccer,'sɑ kɚ,
access,'æk sɛs,
accesses, æk 'sɛ sɪz,
actress,'æk tɹɪs,
actresses,'æk tɹə sɪz,
backup,'bæ kʌp,
backups,'bæ kʌps,
bam, bæm,
behave, bə 'heɪv,
behaved, bɪ 'heɪvd,
behaves, bɪ 'heɪvz,
behaving, bə 'heɪ vɪŋ,
encourage, ɛn 'kɚ ɹɪʤ,
encouraged, ɛn 'kɚ ɪʤd,
encourages, ɛn 'kɚ ɪ ʤɪz,
encouraging, ɪŋ 'kɚ ə ʤɪŋ,
estate, ə 'steɪt,
estates, ɪ 'steɪts,
flirt, flɚt,
flirted,'flɚ ɾɪd,
flirting,'flɚ ɾɪŋ,
flirts, flɚts,
handicap,'hæn di kæp,
hose, hoʊz,
hoses,'hoʊ zɪz,
incident,'ɪn sə dɪnt,
incidents,'ɪn sə ɾənts,
occasion, ə 'keɪ ʒɪn,
occasions, ə 'keɪ ʒənz,
route, ɹaʊt, ɹut
routes, ɹaʊts,
secretary,'sɛ kɹə teɚ ɹi,
classy,'klæ si,
confess, kən 'fɛs,
confessing, kən 'fɛ sɪŋ,
drown, dɹaʊn,
drowned, dɹaʊnd,
drowning,'dɹaʊ nɪŋ,
drowns, dɹaʊnz,
duh, dʌ,
environment, ɪn 'vaɪ ɹən mənt,
environments, ɪn 'vaɪ ɹən mənts,
False, fɔls,
highly,'haɪ li,
legend,'lɛ ʤɪnd,
production, pɹə 'dʌk ʃən,
tale, teɪl,
talented,'tæ lən tɪd,
tales, teɪlz,
threat, θɹɛt,
threats, θɹɛts,
vegetable,'vɛʤ tə bəl,
vegetables,'vɛʤ tə bəlz,
amen,'ɑ mɪn,"similar phrases: (so be it = i dislike this, but will allow it / it's what it's = i dislike this.)"
capital,'kæ pɪ ɾəl,
capitals,'kæ pə ɾəlz,
cruise, kɹuz,
cruises,'kɹu zɪz,
experienced, ɪk 'spiɚ i ənst,
experiencing, ɪk 'spiɚ ɹi ən sɪŋ,
forth, foɚθ,
judgment,'ʤʌʤ mənt,
judgments,'ʤʌʤ mənts,
nonsense,'nɑn sɛns,
offend, ə 'fɛnd,
offended, ʌ 'fɛn dɪd,
offending, ə 'fɛn dɪŋ,
offends, ʌ 'fɛnz,
pepper,'pɛ pɚ,
phrase, fɹeɪz,
phrases,'fɹeɪ zəz,
picnic,'pɪk nɪk,
privacy,'pɹaɪ və si,
self, sɛlf,
selves, sɛlvz,
shittier,'ʃɪ ɾi ɚ,
shittiest,'ʃɪ ɾi əst,
shitty,'ʃɪ ti,
attach, ə 'tæʧ,
attached, ə 'tæʧt,
attaches, æ ɾə 'ʃeɪz,
attaching, ʌ 'tæ ʧɪŋ,
billion,'bɪ ljɪn,
billions,'bɪ ljənz,
coma,'koʊ mə,
contain, kən 'teɪn,
contained, kən 'teɪnd,
containing, kən 'teɪ nɪŋ,
contains, kən 'teɪnz,
earring,'ɪ ɹɪŋ,
fascinating,'fæ sə neɪ ɾɪŋ,
feared,'fɪ ɚd,
fearing,'fiɚ ɪŋ,
gal, gæl,
gals, gælz,
ham, hæm,
pronounce, pɹə 'naʊns,
pronounced, pɹə 'naʊnst,
pronounces, pɚ 'naʊn sɪz,
pronouncing, pɚ 'naʊn sɪŋ,
sample,'sæm pəl,
samples,'sæm pəlz,
victories,'vɪk tɚ iz,
victory,'vɪk tɚ i,
behold, bə 'hoʊld,
cereal,'sɪ ɹi əl,(serial is 'si ɹi əl)
concentrate,'kɑn sən ʧɹeɪt,
concentrated,'kɑn sən tɹeɪ ɾɪd,
concentrates,'kɑn sən tɹeɪts,
concentrating,'kɑn sən tɹeɪ ɾɪŋ,
depressed, də 'pɹɛst,
drama,'ʤɹɑ mʌ,
explanation, ɛk splɪ 'neɪ ʃɪn,
explanations, ɛk splə 'neɪ ʃənz,
fate, feɪt,
fates, feɪts,
hallway,'hɔl weɪ,
hallways,'hɔl weɪz,
nineties,'naɪn tiz,
ninety,'naɪn di,
particular, pɚ 'tɪ kjə lɚ,
pleased, plizd,
response, ɹə 'spɑns,
responses, ɹɪ 'spɑn sɪz,
searched, sɚʧt,
searching,'sɚ ʧɪŋ,
grounded,'gɹaʊn dɪd,
grounding,'gɹaʊn dɪŋ,
grounds, gɹaʊnz,
liquor,'lɪ kɚ,
lowered,'loʊ ɚd,
lowering,'loʊ ɚ ɪŋ,
lowers,'loʊ ɚz,
miserable,'mɪz ɹə bəl,
pin, pɪn,
pins, pɪnz,
purchase,'pɚ ʧɪs,
purchased,'pɚ ʧɪst,
purchases,'pɚ ʧə səz,
purchasing,'pɚ ʧə sɪŋ,
satisfied,'sæ ɾɪ sfaɪd,
satisfies,'sæ ɾɪ sfaɪz,
satisfy,'sæ ɾə sfaɪ,
satisfying,'sæ ɾɪ sfaɪ ɪŋ,
sexually,'sɛk ʃu ə li,
shout, ʃaʊt,
shouted,'ʃaʊ ɾɪd,
shouting,'ʃaʊ ɾɪŋ,
shouts, ʃaʊts,
site, saɪt,
sites, saɪts,
thee, ði,
unit,'ju nɪt,
units,'ju nəts,
complaint, kəm 'pleɪnt,
complaints, kəm 'pleɪnts,
condo,'kɑn doʊ,
condos,'kɑn doʊz,
cooled, kuld,
cooling,'ku lɪŋ,
cools, kulz,
donate,'doʊ neɪt,
donated,'doʊ neɪ ɾɪd,
donates,'doʊ neɪts,
donating,'doʊ neɪ ɾɪŋ,
fur, fɚ,
furs, fɚz,
gravy,'gɹeɪ vi,
imaginary, ɪ 'mæ ʤə neɚ ɹi,
lemonade,'lɛ mə neɪd,
muscle,'mʌ səl,
muscles,'mʌ səlz,
nearly,'niɚ li,
opposite,'ɑ pə sɪt,
sweat, swɛt,
sweating,'swɛ ɾɪŋ,
tiger,'taɪ gɚ,
valuable,'væ ljə bəl,
alcoholic, æl kə 'hɑ lɪk,
counselor,'kaʊn sə lɚ,
failure,'feɪ ljɚ,
failures,'feɪ ljɚz,
farmer,'fɑɚ mɚ,
horn, hoɚn,
humans,'hju mənz,
lamp, læmp,
orange,'oɚ ənʤ,
peach, piʧ,
peaches,'pi ʧəz,
roller,'ɹoʊ lɚ,
staff, stæf,
staves, steɪvz,(physical weapon)
thief, θif,
thieves, θivz,
approve, ə 'pɹuv,
approved, ə 'pɹuvd,
approves, ə 'pɹuvz,
approving, ə 'pɹu vɪŋ,
campus,'kæm pəs,
coast, koʊst,
cure, kjɚ,
cures, kjɚz,
dinosaur,'daɪ nə soɚ,
dinosaurs,'daɪ nə soɚz,
directly, dɚ 'ɹɛk tli,
dried, dɹaɪd,
dries, dɹaɪz,
drying,'dɹaɪ ɪŋ,
haunt, hɔnt,
haunted,'hɔn tɪd,
haunting,'hɔn tɪŋ,
haunts, hɔnts,
location, loʊ 'keɪ ʃən,
locations, loʊ 'keɪ ʃənz,
owner,'oʊ nɚ,
owners,'oʊ nɚz,
patch, pæʧ,
patches,'pæ ʧɪz,
treatment,'tɹit mɪnt,
treatments,'tɹit mənts,
trunk, ʧɹʌŋk,
abortion, ə 'boɚ ʃən,
bark, bɑɚk,
barked, bɑɚkt,
barking,'bɑɚ kɪŋ,
barks, bɑɚks,
bartender,'bɑɚ tɛn dɚ,
brunch, bɹʌnʧ,
casual,'kæ ʒə wəl,
chaos,'keɪ jɑs,
chief, ʧif,
chop, ʧɑp,
dust, dʌst,
intend, ɪn 'tɛnd,
intended, ɪn 'tɛn dɪd,
intending, ɪn 'tɛn dɪŋ,
intends, ɪn 'tɛnz,
lotteries,'lɑ ɾɚ iz,
lottery,'lɑ ɾɚ ɹi,
musical,'mju zɪ kəl,
openings,'oʊ pə nɪŋz,
personalities, pɚ sə 'næ lɪ ɾiz,
personality, pɚ sə 'næ lə ɾi,
publish,'pʌ blɪʃ,
published,'pʌ blɪʃt,
publishes,'pʌ blɪ ʃəz,
publishing,'pʌ blɪ ʃɪŋ,
sausage,'sɔ sɪʤ,
sausages,'sɔ sɪ ʤɪz,
spotted,'spɑ ɾɪd,
spotting,'spɑ ɾɪŋ,
underneath, ʌn dɚ 'niθ,
unfair, ʌn 'feɚ,
violent,'vaɪ lɪnt,
wizard,'wɪ zɚd,
aboard, ə 'boɚd,
argue,'ɑɚ gju,
argued,'ɑɚ gjud,
argues,'ɑɚ gjuz,
arguing,'ɑɚ gju ɪŋ,
attempt, ʌ 'tɛmpt,
attempted, ə 'tɛmp tɪd,
attempting, ə 'tɛm tɪŋ,
attempts, ə 'tɛmts,
badly,'bæ dli,
bush, bʊʃ,
bushes,'bʊ ʃəz,
fold, foʊld,
folded,'foʊl dəd,
folding,'foʊl dɪŋ,
folds, foʊldz,
footage,'fʊ ɾɪʤ,
height, haɪt,
heights, haɪts,
labor,'leɪ bɚ,
nephew,'nɛ fju,
punk, pʌŋk,
punks, pʌŋks,
reaction, ɹi 'æk ʃən,
shy, ʃaɪ,
cage, keɪʤ,
civil,'sɪ vəl,
colonel,'kɚ nəl,
courage,'kɚ ɪʤ,
cured,'kjɚd,
curing,'kjʊ ɹɪŋ,
delightful, dɪ 'laɪt fəl,
emotion, ɪ 'moʊ ʃən,
expose, ɪk 'spoʊz,
exposed, ɪk 'spoʊzd,
exposes, ɪk 'spoʊ zɪz,
exposing, ɪk 'spoʊ zɪŋ,
fence, fɛns,
fences,'fɛn səz,
glue, glu,
noodles,'nu ɾəlz,
organ,'oɚ gɪn,
pole, poʊl,
poles, poʊlz,
refrigerator, ɹə 'fɹɪ ʤɚ ɹeɪ ɾɚ,
skull, skʌl,
taxi,'tæk si,
taxis,'tæk siz,
airline,'eɚ laɪn,
airlines,'eɚ laɪnz,
background,'bæk ɹaʊnd,
bravo,'bɹɑ voʊ,
cheek, ʧik,
expense, ɪk 'spɛns,
expenses, ɪk 'spɛn səz,
Irish,'aɪ ɹɪʃ,
ladder,'læ ɾɚ,
mug, mʌg,
nickname,'nɪk neɪm,
pea, pi,
principal,'pɹɪn sə pəl,
rack, ɹæk,
racks, ɹæks,
session,'sɛ ʃɪn,
sessions,'sɛ ʃənz,
soldier,'soʊl ʤɚ,
urine,'jɚ ən,
virgin,'vɚ ʤɪn,
virgins,'vɚ ʤənz,
wander,'wɑn dɚ,
wandered,'wɑn dɚd,
wandering,'wɑn dɚ ɪŋ,
wanders,'wɑn dɚz,
carrot,'kæ ɹət,
chile, chile,
chili,'ʧɪ li,
circus,'sɚ kɪs,
former,'foɚ mɚ,
generous,'ʤɛ nɚ ɹɪs,
gesture,'ʤɛs ʧɚ,
gestures,'ʤɛs ʧɚz,
halfway,'hæf weɪ,
ninja,'nɪn ʤʌ,
o'clock, ə 'klɑk,
prostitute,'pɹɑ stə tut,
prostitutes,'pɹɑ stə tuts,
shelter,'ʃɛl tɚ,
sperm, spɚm,
technology, tɛk 'nɑ lə ʤi,
abilities, ə 'bɪ lə tiz,
ability, ʌ 'bɪ lə ɾi,
agent,'eɪ ʤənt,
agents,'eɪ ʤənts,
chart, ʧɑɚt,
charts, ʧɑɚts,
cherry,'ʧeɪ ɹi,
discussion, dɪ 'skʌ ʃɪn,
documentaries, dɑ kjə 'mɛ nɚ iz,
documentary, dɑ kjə 'mɛn tɚ ɹi,
grader,'gɹeɪ ɾɚ,
graders,'gɹeɪ ɾɚz,
invest, ɪn 'vɛst,
invested, ɪn 'vɛ stəd,
investing, ɪn 'vɛ stɪŋ,
invests, ɪn 'vɛsts,
jet, gɛt,
knowledge,'nɑ ləʤ,
minister,'mɪ nɪ stɚ,
motherfucker,'mʌ ðɚ fʌ kɚ,
offensive, ə 'fɛn sɪv,
promote, pɹə 'moʊt,
promoted, pɚ 'moʊ ɾɪd,
promotes, pɚ 'moʊts,
promoting, pɚ 'moʊ ɾɪŋ,
retire, ɹɪ 'taɪ jɚ,
retired, ɹə 'taɪ ɚd,
retires, ɹɪ 'taɪ ɚz,
retiring, ɹə 'taɪ ɚ ɪŋ,
sin, sɪn,
singer,'sɪŋ ɚ,
singers,'sɪŋ ɚz,
specific, spə 'sɪ fɪk,
sudden,'sʌ dən,
tuck, tʌk,(folded & stored)
ant, ænt,
bull, bʊl,
bulls, bʊlz,
carefully,'keɚ fə li,
dork, doɚk,
dummies,'dʌ miz,
dummy,'dʌ mi,
exam, ɪg 'zæm,
exams, ɪg 'zæmz,
helicopter,'hɛ lə kɑp tɚ,
profit,'pɹɑ fɪt,
profits,'pɹɑ fɪts,
rate, ɹeɪt,
rates, ɹeɪts,
recall, ɹə 'kɔl,
recalled, ɹɪ 'kɔld,
recalling, ɹɪ 'kɔ lɪŋ,
recalls,'ɹi kɔlz,
reject, ɹə 'ʤɛkt,
rejected, ɹɪ 'ʤɛk tɪd,
rejecting, ɹɪ 'ʤɛk tɪŋ,
rejects,'ɹi ʤɛks,
ski, ski,
skied, skid,
skiing,'ski ɪŋ,
skis, skiz,
spied, spaɪd,
spies, spaɪz,
sponge, spʌnʤ,
spy, spaɪ,
spying,'spaɪ ɪŋ,
stress, stɹɛs,
therapies,'θeɚ ə piz,
therapy,'θeɚ ə pi,
upper,'ʌ pɚ,
assignment, ə 'saɪn mənt,
assignments, ə 'saɪn mənts,
blonde, blɑnd,
bounce, baʊns,
bounced, baʊnst,
bounces,'baʊn sɪz,
bouncing,'baʊn sɪŋ,
branch, bɹænʧ,
branches,'bɹæn ʧəz,
CD, si 'di,
CDs, si 'diz,
cube, kjub,
cubes, kjubz,
daily,'deɪ li,
dice, daɪs,
dignity,'dɪg nɪ ti,
entirely, ɪn 'taɪ ɚ li,
flatter,'flæ ɾɚ,
flattered,'flæ ɾɚd,
flattering,'flæ ɾɚ ɪŋ,
flatters,'flæ ɾɚz,
formed, foɚmd,
forming,'foɚ mɪŋ,
fraud, fɹɔd,
pit, pɪt,
random,'ɹæn dəm,
status,'stæ ɾɪs,
stroke, stɹoʊk,
terrified,'teɚ ə faɪd,
terrify,'teɪ ɹə faɪ,
terrifying,'tɛ ɹə faɪ ɪŋ,
yogurt,'joʊ gɚt,
alley,'æ li,
arrange, ə 'ɹeɪnʤ,
arranged, ɚ 'eɪnʤd,
arranges, ɚ 'eɪn ʤɪz,
arranging, ɚ 'eɪn ʤɪŋ,
coupon,'ku pɔn,
coupons,'ku pɔnz,
ditch, dɪʧ,
ditched, dɪʧt,
ditches,'dɪ ʧəz,
ditching,'dɪ ʧɪŋ,
edge, ɛʤ,
edges,'ɛ ʤəz,
gamble,'gæm bəl,
gambled,'gæm bəld,
gambles,'gæm bəlz,
gambling,'gæm blɪŋ,
gray, gɹeɪ,
grayest,'gɹeɪ ɪst,
grey, gɹeɪ,
greyest,'gɹeɪ əst,
hostage,'hɑ stɪʤ,
hostages,'hɑ stə ʤəz,
inform, ɪn 'foɚm,
informed, ɪn 'foɚmd,
informing, ɪn 'foɚ mɪŋ,
informs, ɪn 'foɚmz,
likely,'laɪ kli,
mask, mæsk,
masks, mæsks,
nastiest,'næ sti əst,
nasty,'næ sti,
Olympics, ə 'lɪm pɪks,
panties,'pæn tiz,
priest, pɹist,
shine, ʃaɪn,
shining,'ʃaɪ nɪŋ,
showered,'ʃaʊ ɚd,
showering,'ʃaʊ wɚ ɹɪŋ,
capable,'keɪ pə bəl,
corporation, koɚ pɚ 'ɹeɪ ʃɪn,
corporations, koɚ pɚ 'eɪ ʃənz,
delete, də 'lit,
deleted, dɪ 'li ɾəd,
deletes, dɪ 'lits,
deleting, dɪ 'li ɾɪŋ,
dental,'dɛn təl,
engagement, ɪn 'geɪʤ mɪnt,
engagements, ɛn 'geɪʤ mənts,
entitle, ɪn 'taɪ ɾəl,
entitled, ɛn 'taɪ ɾəld,
howdy,'haʊ ɾi,
ironic, aɪ 'ɹɑ nɪk,
movement,'muv mənt,
movements,'muv mənts,
piano, pi 'jæ noʊ,
scooter,'sku ɾɚ,
silver,'sɪl vɚ,
slightly,'slaɪ tli,
sorted,'soɚ tɪd,
sorting,'soɚ ɾɪŋ,
tragic,'tɹæ ʤɪk,
cabinet,'kæb nət,
debt, dɛt,
debts, dɛts,
global,'gloʊ bəl,
hereby, hiɚ 'baɪ,
kindergarten,'kɪn dɚ gɑɚ dən,
mustard,'mʌ stɚd,
old-fashioned, oʊld 'fæ ʃənd,
procedure, pɚ 'si ʤɚ,
procedures, pɚ 'si ʤɚz,
progress,'pɹɑ gɹɛs,
rib, ɹɪb,
ribs, ɹɪbz,
scale, skeɪl,
scales, skeɪlz,
select, sə 'lɛkt,
selected, sə 'lɛk tɪd,
selecting, sə 'lɛk tɪŋ,
selects, sə 'lɛkts,
armed, ɑɚmd,
astronaut,'æ sʧɹə nɑt,
backyard,'bæ kjɑɚd,
camped, kæmt,
camping,'kæm pɪŋ,
capture,'kæp ʧɚ,
captured,'kæp ʧɚd,
captures,'kæp ʧɚz,
capturing,'kæp ʧɚ ɪŋ,
cart, kɑɚt,
carts, kɑɚts,
casino, kə 'si noʊ,
Catholic,'kæ θlɪk,
chopped, ʧɑpt,
desert,'dɛ zɚt,
ex-boyfriend,'ɛks boɪ fɹɛnd,
executive, ɪg 'zɛ kjə ɾɪv,
executives, ɛg 'zɛ kjə tɪvz,
foreign,'foɚ ɹɪn,
fully,'fʊ li,
interviewed,'ɪ nɚ vjud,
interviewing,'ɪ nɚ vju ɪŋ,
lean, lin,
leaned, lind,
leaning,'li nɪŋ,
leans, linz,
march, mɑɚʧ,
marched, mɑɚʧt,
marches,'mɑɚ ʧɪz,
marching,'mɑɚ ʧɪŋ,
novel,'nɑ vəl,
novels,'nɑ vəlz,
oranges,'ɔ ɹən ʤəz,
sensed, sɛnst,
sensing,'sɛn sɪŋ,
shadow,'ʃæ ɾoʊ,
slice, slaɪs,
slices,'slaɪ səz,
species,'spi ʃiz,
weigh, weɪ,
weighed, weɪd,
weighing,'weɪ ɪŋ,
weighs, weɪz,
weirdo,'wiɚ doʊ,
accomplish, ʌ 'kɑm plɪʃ,
accomplished, ə 'kɑm plɪʃt,
accomplishes, ə 'kɑm plɪ ʃɪz,
accomplishing, ə 'kɑm plɪ ʃɪŋ,
barbecue (BBQ),'bɑɚ bɪ kju,
barbeque,'bɑɚ bɪ kju,
cast, kæst,"(""cast of a movie"")"
casting,'kæ stɪŋ,
casts, kæsts,
curse, kɚs,
curses,'kɚ sɪz,
define, də 'faɪn,
defined, də 'faɪnd,
defines, dɪ 'faɪnz,
defining, dɪ 'faɪ nɪŋ,
doubled,'dʌ bəld,
doubling,'dʌ blɪŋ,
equipment, ə 'kwɪp mɪnt,
fever,'fi vɚ,
gig, gɪg,
gigs, gɪgz,
harassment, hə 'ɹæ smənt,
intelligent, ɪn 'tɛ lə ʤɪnt,
karate, kə 'ɹɑ ɾi,
manner,'mæ nɚ,
manners,'mæ nɚz,
marijuana, mɛ ɹə 'wɑ nə,
operate,'ɑ pɚ ɹeɪt,
operated,'ɑ pɚ eɪ ɾəd,
operates,'ɑ pɚ ɹeɪts,
operating,'ɑ pɚ eɪ ɾɪŋ,
post, poʊst,
posted,'poʊ stɪd,
posting,'poʊ stɪŋ,
posts, poʊs,
quest, kwɛst,
quests, kwɛsts,
raisin,'ɹeɪ zɪn,
raisins,'ɹeɪ zənz,(ricin is ''ɹɪ sɪn)
recorded, ɹə 'koɚ dɪd,
recording, ɹə 'koɚ dɪŋ,
religious, ɹə 'lɪ ʤɪs,
skinnier,'skɪ ni ɚ,
skinniest,'skɪ ni əst,
skinny,'skɪ ni,
stinkiest,'stɪŋ ki əst,
stinky,'stɪŋ ki,
sushi,'su ʃi,
thy, ðaɪ,
allergic, ə 'lɚ ʤɪk,
appearance, ə 'piɚ əns,
appearances, ə 'pɪ ɹən səz,
border,'boɚ dɚ,
borders,'boɚ dɚz,
cave, keɪv,
caves, keɪvz,
drunken,'ʤɹʌŋ kɪn,"(""a drunken X"" (habit) / ""X is drunk"" (current state))"
fireman,'faɪ ɚ mɪn,
firemen,'faɪɚ mən,
frame, fɹeɪm,
frames, fɹeɪmz,
graduate,'gɹæ ʤu weɪt,
graduated,'gɹæ ʤu eɪ ɾɪd,
graduates,'gɹæ ʤu eɪts,
graduating,'gɹæ ʤu eɪ ɾɪŋ,
hammer,'hæ mɚ,
naughtiest,'nɑ ɾi əst,
naughty,'nɔ ɾi,
salaries,'sæ lɚ iz,
salary,'sæ lɚ ɹi,
signature,'sɪg nɪ ʧɚ,
signatures,'sɪg nə ʧɚz,
afterwards,'æf tɚ wɚdz,
curtain,'kɚ tən,
curtains,'kɚ ɾənz,
defeat, də 'fit,
defeated, dɪ 'fi ɾəd,
defeating, dɪ 'fi ɾɪŋ,
defeats, dɪ 'fits,
desire, dɪ 'zaɪ jɚ,
desires, dɪ 'zaɪ ɚz,
ex-wife,'ɛk swaɪf,
ex-wives,'ɛk swaɪvz,
fireworks,'faɪɚ wɚks,
habit,'hæ bɪt,
lane, leɪn,
lanes, leɪnz,
management,'mæ nɪʤ mɪnt,
mightiest,'maɪ ɾi əst,
mighty,'maɪ ɾi,
Muslim,'mʌz ləm,
Muslims,'mʌz ləmz,
nannies,'næ niz,
nanny,'næ ni,
nicely,'naɪ sli,
polite, pə 'laɪt,
political, pə 'lɪ ɾɪ kəl,
politically, pə 'lɪ ɾɪ kə li,
rage, ɹeɪʤ,
rages,'ɹeɪ ʤɪz,
rainbow,'ɹeɪn boʊ,
smelliest,'smɛ li əst,
smelly,'smɛ li,
tissue,'tɪ ʃu,
triangle,'tɹaɪ eɪŋ gəl,
useless,'ju slɪs,
visitor,'vɪ zɪ ɾɚ,
visitors,'vɪ zɪ ɾɚz,
vodka,'vɑd kə,
angle,'eɪŋ gəl,
anonymous, ʌ 'nɑ nə məs,
calendar,'kæ lən dɚ,
counter,'kaʊn tɚ,
counters,'kaʊn tɚz,
dip, dɪp,
financial, faɪ 'næn ʃəl,
flat, flæt,
flattest,'flæ ɾəst,
grands, gɹændz,
identities, aɪ 'dɛn tɪ tiz, aɪ 'dɛ nɪ ɾiz
identity, aɪ 'dɛn tɪ ti, aɪ 'dɛ nə ti
lighter,'laɪ ɾɚ,
lightest,'laɪ ɾəst,
register,'ɹɛ ʤɪ stɚ,
registered,'ɹɛ ʤɪ stɚd,
registering,'ɹɛ ʤɪ stɚ ɪŋ,
registers,'ɹɛ ʤə stɚz,
shocking,'ʃɑ kɪŋ,
sixth, sɪksθ,
spoon, spun,
spoons, spunz,
strawberries,'stɹɔ beɚ iz,
strawberry,'stɹɔ beɚ ɹi,
target,'tɑɚ gɪt,
targets,'tɑɚ gəts,
teenage,'ti neɪʤ,
thick, θɪk,
thicker,'θɪ kɚ,
thickest,'θɪ kɪst,
Web, wɛb,
agencies,'eɪ ʤən siz,
agency,'eɪ ʤən si,
carnival,'kɑɚ nə vəl,
confirm, kən 'fɚm,
confirmed, kən 'fɚmd,
confirming, kən 'fɚ mɪŋ,
confirms, kən 'fɚmz,
corpse, koɚps,
corpses,'koɚp səz,
disagree, dɪ sə 'gɹi,
disagreed, dɪ sə 'gɹid,
disagreeing, dɪ sə 'gɹi ɪŋ,
disagrees, dɪ sə 'gɹiz,
feature,'fi ʧɚ,
features,'fi ʧɚz,
firm, fɚm,
firms, fɚmz,
hill, hɪl,
hills, hɪlz,
hopefully,'hoʊp fə li,
jam, ʤæm,
jams, ʤæmz,
lamb, læm,
locals,'loʊ kəlz,
log, lɔg,
logs, lɔgz,
partied,'pɑɚ tid,
partying,'pɑɚ ti ɪŋ,
printer,'pɹɪn tɚ,
printers,'pɹɪn tɚz,
sketch, skɛʧ,
sketches,'skɛ ʧəz,
steam, stim,
superhero, su pɚ 'hiɚ oʊ,
superheroes, su pɚ 'hiɚ oʊz,
terribly,'teɚ ə bli,
toothbrush,'tuθ bɹʌʃ,
toothbrushes,'tuθ bɹʌ ʃɪz,
topped, tɑpt,
topping,'tɑ pɪŋ,
council,'kaʊn səl,
deck, dɛk,
decks, dɛks,
dragon,'dɹæ gɪn,
dragons,'dɹæ gənz,
election, ə 'lɛk ʃən,
lack, læk,
lacks, læks,
lawsuit,'lɔ sut,
lawsuits,'lɑ suts,
lecture,'lɛk ʧɚ,
lectures,'lɛk ʧɚz,
mysterious, mɪ 'stiɚ ɹi əs,
pleasant,'plɛ zɪnt,
pregnancy,'pɹɛg nɪn si,
professionals, pɚ 'fɛ ʃə nəlz,
reward, ɹə 'woɚd,
rewards, ɹɪ 'woɚdz,
risked, ɹɪskt,
risking,'ɹɪ skɪŋ,
roses,'ɹoʊ zɪz,
scientific, saɪ ɪn 'tɪ fɪk,
specifically, spə 'sɪ fɪ kli,
tune, tun,
tunes, tunz,
acid,'æ sɪd,
candidate,'kæn də deɪt,
candidates,'kæ nə ɾɪts,
differently,'dɪ fɹən tli,
economy, ə 'kɑ nə mi,
eighties,'eɪ ɾiz,
eighty,'eɪ ɾi,
fee, fi,
fees, fiz,
flame, fleɪm,
foundation, faʊn 'deɪ ʃən,
joint, ʤoɪnt,
punishment,'pʌ nɪ ʃmənt,
rallies,'ɹæ liz,
rally,'ɹæ li,
reception, ɹə 'sɛp ʃən,
request, ɹə 'kwɛst,
requests, ɹɪ 'kwɛsts,
resist, ɹə 'zɪst,
resisted, ɹɪ 'zɪ stɪd,
resisting, ɹɪ 'zɪ stɪŋ,
resists, ɹɪ 'zɪsts,
scheduled,'skɛ ʤʊld,
scheduling,'skɛ ʤʊ lɪŋ,
shock, ʃɑk,
shocks, ʃɑks,
sore, soɚ,
suspect, sə 'spɛkt,
suspected, sə 'spɛk tɪd,
suspecting, sə 'spɛk tɪŋ,
suspects, sə 'spɛkts,
union,'ju njən,
accuse, ə 'kjuz,
accused, ə 'kjuzd,
accuses, ə 'kju zɪz,
accusing, ə 'kju zɪŋ,
ape, eɪp,
apes, eɪps,
badge, bæʤ,
badges,'bæ ʤɪz,
barn, bɑɚn,
buck, bʌk,
bucks, bʌks,
divide, dɪ 'vaɪd,
divided, dɪ 'vaɪ dɪd,
divides, dɪ 'vaɪdz,
dividing, dɪ 'vaɪ ɾɪŋ,
eternity, ɪ 'tɚ nɪ ti,
hopeless,'hoʊ plɪs,
intervention, ɪn tɚ 'vɛn ʃɪn,
jammed, ʤæmd,
jamming,'ʤæ mɪŋ,
mattress,'mæ tɹəs,
millionaire,'mɪl jə neɚ,
millionaires,'mɪl jə neɚz,
observe, əb 'zɚv,
observed, əb 'zɚvd,
observes, əb 'zɚvz,
observing, əb 'zɚ vɪŋ,
react, ɹi 'ækt,
reacted, ɹi 'æk tɪd,
reacting, ɹi 'æk tɪŋ,
reacts, ɹi 'ækts,
speaker,'spi kɚ,
speakers,'spi kɚz,
spiciest,'spaɪ si əst,
spicy,'spaɪ si,
stadium,'steɪ di əm,
standard,'stæn dɚd,
standards,'stæn dɚdz,
syndrome,'sɪn dɹəm,
unhappy, ʌn 'hæ pi,
vow, vaʊ,
vows, vaʊz,
wills, wɪlz,
youth, juθ,
admire, əd 'maɪ jɚ,
admired, əd 'maɪ ɚd,
admires, æd 'maɪɚz,
admiring, æd 'maɪ ɹɪŋ,
ambulance,'æm bjə ləns,
bonus,'boʊ nɪs,
bonuses,'boʊ nə sɪz,
commission, kə 'mɪ ʃɪn,
commissions, kə 'mɪ ʃənz,
deer, diɚ,
dot, dɑt,
dots, dɑts,
fountain,'faʊn tɪn,
grease, gɹis,
immigrant,'ɪ mə gɹɪnt,
immigrants,'ɪ mə gɹənts,
injuries,'ɪn ʤɚ iz,
injury,'ɪn ʤɚ ɹi,
intense, ɪn 'tɛns,
launch, lɔnʧ,
launched, lɔnʧt,
launches,'lɔn ʧəz,
launching,'lɔn ʧɪŋ,
medal,'mɛ ɾəl,
medals,'mɛ ɾəlz,
mile,'maɪ əl,
miles,'maɪ əlz,
planted,'plæ nɪd,
planting,'plæn tɪŋ,
rescue,'ɹɛ skju,
rescued,'ɹɛ skjud,
rescues,'ɹɛ skjuz,
rescuing,'ɹɛ skju ɪŋ,
seed, sid,
seeds, sidz,
semester, sə 'mɛ stɚ,
tire,'taɪ jɚ,
tires,'taɪ ɚz,
worship,'wɚ ʃɪp,
a.m., eɪ 'ɛm,
alert, ʌ 'lɚt,
alerts, ə 'lɚts,
confident,'kɑn fɪ dɪnt,
currently,'kɚ ɪn tli,
disco,'dɪ skoʊ,
filmed, fɪlmd,
filming,'fɪl mɪŋ,
founded,'faʊn dɪd,
founding,'faʊn dɪŋ,
frustrate,'fɹʌ stɹeɪt,
frustrated,'fɹʌ stɹeɪ ɾɪd,
frustrates,'fɹʌ stɹeɪts,
frustrating,'fɹʌ stɹeɪ ɾɪŋ,
improve, ɪm 'pɹuv,
improved, ɪm 'pɹuvd,
improves, ɪm 'pɹuvz,
improving, ɪm 'pɹu vɪŋ,
intercourse,'ɪ nɚ koɚs,
investment, ɪn 'vɛst mənt,
investments, ɪn 'vɛst mənts,
jelly,'ʤɛ li,
loan, loʊn,
loaned, loʊnd,
loaning,'loʊ nɪŋ,
loans, loʊnz,
protest,'pɹoʊ tɛst,
protested,'pɹoʊ tɛ stɪd,
protesting,'pɹoʊ tɛ stɪŋ,
protests,'pɹoʊ tɛs,
seal,'si əl,
sealed,'si əld,
sealing,'si lɪŋ,
seals, silz,
shocked, ʃɑkt,
silent,'saɪ lɪnt,
temperature,'tɛm pɹə ʧɚ,
testicle,'tɛ stɪ kəl,
typical,'tɪ pə kəl,
unusual, ʌ 'nju ʒu wəl, ə 'nju ʒu əl
approach, ʌ 'pɹoʊʧ,
approached, ə 'pɹoʊʧt,
approaches, ə 'pɹoʊ ʧəz,
approaching, ə 'pɹoʊ ʧɪŋ,
April,'eɪ pɹəl,
bow, baʊ,
bows, baʊz,
castle,'kæ səl,
castles,'kæ səlz,
dine, daɪn,
dined, daɪnd,
dines, daɪnz,
dining,'daɪ nɪŋ,
fiance, fi 'ɑn seɪ,"(pronounced the same, spelled differently than fiancee)"
fiances, fi 'æn sɪz,
goo, gu,
governor,'gʌ vɚ nɚ,
lotion,'loʊ ʃɪn,
measure,'mɛ ʒɚ,
measured,'mɛ ʒɚd,
measures,'mɛ ʒɚz,
measuring,'mɛ ʒɚ ɹɪŋ,
modern,'mɑ dɚn,
necklace,'nɛ kləs,
necklaces,'nɛ klə sɪz,
nor, noɚ,
orgasm,'oɚ gæ zəm,
orgasms,'oɚ gæ zəmz,
poetry,'poʊ ə tɹi,
reasonable,'ɹi zə nə bəl,
scam, skæm,
scams, skæmz,
shift, ʃɪft,
shifts, ʃɪfts,
sneaker,'sni kɚ,
sneakers,'sni kɚz,
straighten,'stɹeɪ ɾən,
straightening,'sʧɹeɪt nɪŋ,'stɹeɪt nɪŋ
tap, tæp,
tapped, tæpt,
tapping,'tæ pɪŋ,
taps, tæps,
tracked, tɹækt,
tracking,'tɹæ kɪŋ,
unlike, ʌn 'laɪk,
bench, bɛnʧ,
blowjob,'bloʊ ʤɑb,
championship,'ʧæm pi ən ʃɪp,
Coke, koʊk,
darkness,'dɑɚk nɪs,
diaries,'daɪ ɚ ɹiz,'daɪ ɚ iz
diary,'daɪ jɚ ɹi,(personal journal)
guilt, gɪlt,
hornier,'hoɚ ni ɚ,
horniest,'hoɚ ni əst,
horny,'hoɚ ni,
intimate,'ɪn tə mɪt,
laughter,'læf tɚ,
lend, lɛnd,
lending,'lɛn dɪŋ,
lends, lɛnz,
lent, lɛnt,
organization, oɚ gə nɪ 'zeɪ ʃən,
organizations, oɚ gə nə 'zeɪ ʃənz,
purple,'pɚ pəl,
rice, ɹaɪs,
seminar,'sɛ mə nɑɚ,
seminars,'sɛ mə nɑɚz,
senior,'si njɚ,
seventies,'sɛ vən tiz,
seventy,'sɛ vən ti,
shaped, ʃeɪpt,
shaping,'ʃeɪ pɪŋ,
sheep, ʃip,
vehicle,'vi ɪ kəl,'vi ə kəl
vehicles,'vi ɪ kəlz,
achieve, ə 'ʧiv,
achieved, ə 'ʧivd,
achieves, ə 'ʧivz,
achieving, ə 'ʧi vɪŋ,
addiction, ə 'dɪk ʃən,
architecture,'ɑɚ kə tɛk ʧɚ,
demon,'di mɪn,
demons,'di mənz,
freezer,'fɹi zɚ,
guide, gaɪd,
guides, gaɪdz,
harm, hɑɚm,
honk, hɑŋk,
honked, hɔŋkt,
honking,'hɑŋ kɪŋ,
install, ɪn 'stɔl,
installed, ɪn 'stɔld,
installing, ɪn 'stɔ lɪŋ,
installs, ɪn 'stɔlz,
mascot,'mæ skɑt,
massive,'mæ sɪv,
metal,'mɛ ɾəl,
metals,'mɛ ɾəlz,
nest, nɛst,
nests, nɛsts,
nineteen, naɪn 'tin,
possibilities, pɑ sə 'bɪ lə ɾiz,
possibility, pɑ sə 'bɪ lɪ ti,
praise, pɹeɪz,
praised, pɹeɪzd,
praises,'pɹeɪ zəz,
praising,'pɹeɪ zɪŋ,
prescription, pɚ 'skɹɪp ʃɪn,
prescriptions, pɚ 'skɹɪp ʃɪnz,
produce, pɹə 'dus,
produced, pɚ 'dust,
produces, pɚ 'du sɪz,
producing, pɚ 'du sɪŋ,(coach+google: pɹə 'du sɪŋ)
salmon,'sæ mən,
surround, sɚ 'ɹaʊnd,
surrounded, sɚ 'aʊn dɪd,
surrounding, sə 'ɹaʊn dɪŋ,
surrounds, sɚ 'aʊndz,
tragedy,'tɹæ ʤə di,
tripped, tɹɪpt,
tripping,'tɹɪ pɪŋ,
troll, tɹoʊl,
tuned, tund,
tuning,'tu nɪŋ,
wagon,'wæ gɪn,
whisper,'wɪ spɚ,
whispered,'wɪ spɚd,
whispering,'wɪ spɚ ɹɪŋ,
whispers,'wɪ spɚz,
yummiest,'jə mi əst,
yummy,'jʌ mi,
ban, bæn,
banned, bænd,
banning,'bæ nɪŋ,
bans, bænz,
bind, baɪnd,
binding,'baɪn dɪŋ,
binds, baɪndz,
bound, baʊnd,
butterflies,'bʌ ɾɚ flaɪz,
butterfly,'bʌ ɾɚ flaɪ,
ceiling,'si lɪŋ,
constantly,'kɑn stən tli,
elbow,'ɛl boʊ,
elbows,'ɛl boʊz,
electricity, ə lɛk 'tɹɪ sɪ ɾi,
exchange, ɪks 'ʧeɪnʤ,
exchanges, ɪks 'ʧeɪn ʤəz,
grass, gɹæs,
knight, naɪt,
knights, naɪts,
misunderstanding, mɪ sən dɚ 'stæn dɪŋ,
reunion, ɹi 'ju njən,
reunions, ɹi 'ju njənz,(default was incorrect; coach version is shown)
sacred,'seɪ kɹɪd,
sergeant,'sɑɚ ʤɪnt,
solo,'soʊ loʊ,
syrup,'sɚ əp,
therefore,'ðeɚ foɚ,
timing,'taɪ mɪŋ,
whistle,'ɪ səl,
ballet, bæ 'leɪ,
blade, bleɪd,
blast, blæst,
celebration, sɛ lə 'bɹeɪ ʃən,
cheesecake,'ʧiz keɪk,
communicate, kə 'mju nə keɪt,
communicated, kə 'mju nə keɪ ɾɪd,
communicates, kə 'mju nɪ keɪts,
communicating, kə 'mju nə keɪ ɾɪŋ,
cough, kɑf,
cripple,'kɹɪ pəl,
crippled,'kɹɪ pəld,
dozen,'dʌ zɪn,
dozens,'dʌ zənz,
goddamn,'gɑd dæm,
heel,'hi əl,
heels, hilz,
lad, læd,
lads, lædz,
noon, nun,
onion,'ʌn jən,(Peeling the onion)
pounded,'paʊn dɪd,
pounding,'paʊn dɪŋ,
relieve, ɹə 'liv,
relieved, ɹə 'livd,
savings,'seɪ vɪŋz,
scheme, skim,
silence,'saɪ lɪns,
skate, skeɪt,
skating,'skeɪ ɾɪŋ,
volunteer, vɑ lən 'tiɚ,
application, æ plə 'keɪ ʃən,
cinnamon,'sɪ nə mən,
coconut,'koʊ kə nʌt,
construction, kən 'stɹʌk ʃən,
Easter,'i stɚ,
ex-girlfriend, ɛks 'gɚl fɹɛnd,
explore, ɛk 'sploɚ,
highway,'haɪ weɪ,
imply, ɪm 'plaɪ,
pottery,'pɑ ɾɚ ɹi,
soak, soʊk,
sticker,'stɪ kɚ,
survivor, sɚ 'vaɪ vɚ,
task, tæsk,
yoga,'joʊ gə,
beast, bist,
biology, baɪ 'ɑ lə ʤi,
carve, kɑɚv,
destiny,'dɛ stə ni,
detention, də 'tɛn ʃən,
direct, də 'ɹɛkt,
drill, dɹɪl,
grill, gɹɪl,
potential, pə 'tɛn ʃəl,
rehearsal, ɹə 'hɚ səl,
related, ɹə 'leɪ ɾɪd,
ribbon,'ɹɪ bɪn,
spaghetti, spə 'gɛ ɾi,
stressed, stɹɛst,
stressing,'stɹɛ sɪŋ,
surely,'ʃɚ li,
accountant, ʌ 'kaʊn tənt,
chill, ʧɪl,
coaster,'koʊ stɚ,
conditioner, kən 'dɪ ʃə nɚ,
cone, koʊn,
deaf, dɛf,
dismiss, dɪs 'mɪs,
dive, daɪv,
drum, dɹʌm,
error,'ɛ ɹɚ,
errors,'ɛ ɹɚz,
essay,'ɛ seɪ,
hers, hɚz,
jewelry,'ʤul ɹi,
mercy,'mɚ si,
naturally,'næ ʧɹə li,
nickel,'nɪ kəl,
object,'ɑb ʤɪkt, əb 'ʤɛkt (def: to refuse)
objects,'ɑb ʤɛks,
scissors,'sɪ zɚz,
secretly,'si kɹɪ tli,
smack, smæk,
supportive, sə 'poɚ ɾɪv,
waffle,'wɑ fəl,
wisdom,'wɪz dəm,
woo, wu,
butler,'bʌ tlɚ,
cashed, kæʃt,
deadly,'dɛ dli,
delicate,'dɛ lə kɪt,
document,'dɑ kjə mənt,
documents,'dɑ kjə mənts,
emotionally, ɪ 'moʊ ʃə nəl li,
establish, ɪ 'stæ blɪʃ,
flute, flut,
gorilla, gɚ 'ɪ lə,
groom, gɹum,
horror,'hɔ ɹɚ,
humanities, hju 'mæ nɪ ɾiz,
humanity, hju 'mæ nə ɾi,
maker,'meɪ kɚ,
martini, mɑɚ 'ti ni,
mob, mɑb,
mud, mʌd,
neediest,'ni ɾi ɪst,
needy,'ni ɾi,
psychic,'saɪ kɪk,
reduce, ɹə 'dus,
retarded, ɹɪ 'tɑɚ dɪd,
rod, ɹɑd,
rubber,'ɹʌ bɚ,
rug, ɹʌg,
steer,'sti ɚ,
succeed, sək 'sid,
symbol,'sɪm bəl,
symbols,'sɪm bəlz,
testify,'tɛ stə faɪ,
thirsty,'θɚ sti,
traditional, tɹə 'dɪ ʃə nəl,
basic,'beɪ sɪk,
behalf, bə 'hæf,
bridesmaid,'bɹaɪdz meɪd,
chore, ʧoɚ,
chores, ʧoɚz,
coin, koɪn,
crowded,'kɹaʊ ɾɪd,
envelope,'ɛn və loʊp,
facility, fə 'sɪ lə ɾi,
greetings,'gɹi ɾɪŋz,
medication, mɛ ɾə 'keɪ ʃən,
necessarily, nɛ sə 'seɪ ɹə li,
organize,'oɚ gə naɪz,
overreact, oʊ vɚ ɹi 'ækt,
pageant,'pæ ʤənt,
principle,'pɹɪns əp əl,
rabbi,'ɹæ baɪ,
skirt, skɚt,
sneeze, sniz,
tastiest,'teɪ sti əst,
tasty,'teɪ sti,
tobacco, tə 'bæ koʊ,
dedicate,'dɛ ɾɪ keɪt,
despite, də 'spaɪt,
download,'daʊn loʊd,
downloaded,'daʊn loʊ ɾɪd,
downloading,'daʊn loʊ ɾɪŋ,
downloads,'daʊn loʊdz,
fetus,'fi ɾəs,
frighten,'fɹaɪ tən,
grateful,'gɹeɪt fəl,
gravity,'gɹæ və ɾi,
hail, heɪl,
hay, heɪ,
hideous,'hɪ ɾi əs,(def: appalling)
hobby,'hɑ bi,
legally,'li gə li,
lobby,'lɑ bi,
lung, lʌŋ,
musician, mju 'zɪ ʃən,
pettier,'pɛ ɾi ɚ,
pettiest,'pɛ ɾi əst,
petty,'pɛ ti,
plot, plɑt,
presence,'pɹɛ zəns,
promotion, pɹə 'moʊ ʃən,
radioactive, ɹeɪ ɾi oʊ 'æk tɪv,
relief, ɹə 'lif,
resource,'ɹi soɚs,
resources,'ɹi soɚ sɪz,
sailor,'seɪ lɚ,
sober,'soʊ bɚ,
sofa,'soʊ fʌ,
tavern,'tæ vɚn,
toaster,'toʊ stɚ,
annual,'æ nju əl,
bathe, beɪð,
burrito, bə 'ɹi ɾoʊ,
catalog,'kæ ɾə lɑg,
cheerleader,'ʧiɚ li ɾɚ,
combination, kɑm bə 'neɪ ʃən,
combine, kəm 'baɪn,
conclusion, kən 'klu ʒən,
cotton,'kɑ tən,
crab, kɹæb,
crib, kɹɪb,
erase, ɪ 'ɹeɪs,
fairly,'feɚ li,
fund, fʌnd,
funds, fʌndz,
hog, hɑg,(def(n): pig; def(vb): to occupy selfishly)
hurricane,'hɚ ə keɪn,
July, ʤə 'laɪ,
mansion,'mæn ʃən,
motorcycle,'moʊ ɾɚ saɪ kəl,
pigeon,'pɪ ʤɪn,
politics,'pɑ lə tɪks,
proper,'pɹɑ pɚ,
qualify,'kwɑ lə faɪ,
receptionist, ɹɪ 'sɛp ʃə nɪst,
recover, ɹə 'kʌ vɚ,
sarcasm,'sɑɚ kæ zəm,
sheriff,'ʃeɚ əf,
soy, soɪ,
soya,'soɪ ə,
suspicious, sə 'spɪ ʃəs,
sweaty,'swɛ ɾi,
technique, tɛk 'nik,
thigh, θaɪ,
toxic,'tɑk sɪk,
vest, vɛst,
amusement, ʌ 'mjuz mənt,
average,'æ vɹɪʤ,
backpack,'bæk pæk,
balance,'bæ ləns,
beverage,'bɛ vɹɪʤ,
boxer,'bɑk sɚ,
confession, kən 'fɛ ʃən,
deeply,'di pli,
fabric,'fæ bɹɪk,
hosted,'hoʊ stɪd,
hosting,'hoʊ stɪŋ,
hybrid,'haɪ bɹɪd,
increase, ɪn 'kɹis,
meth, mɛθ,
prevent, pɹə 'vɛnt,
prisoner,'pɹɪ zə nɚ,
protection, pɹə 'tɛk ʃən,
queer, kwiɚ,
refresh, ɹɪ 'fɹɛʃ,
strap, stɹæp,
tray, tɹeɪ,
yuck, jʌk,
academy, ə 'kæ ɾə mi,
anus,'eɪ nəs,
babysitter,'beɪ bi sɪ ɾɚ,
banner,'bæ nɚ,
beneath, bə 'niθ,
bid, bɪd,
bidding,'bɪ ɾɪŋ,
bladder,'blæ ɾɚ,
bud, bʌd,
cult, kʌlt,
dealer,'di lɚ,
flesh, flɛʃ,
fulfill, fʊl 'fɪl,
hint, hɪnt,
identify, aɪ 'dɛn tə faɪ, aɪ 'dɛ nə faɪ
intimidate, ɪn 'tɪ mɪ deɪt,
leather,'lɛ ðɚ,
madness,'mæd nəs,
merely,'miɚ li,
mole, moʊl,(def: spy / animal / unit)
Nazi,'nɑt si,
passionate,'pæ ʃə nɪt,
rap, ɹæp,
recent,'ɹi sɪnt,
riot,'ɹaɪ jət,
satellite,'sæ ɾə laɪt,
shampoo, ʃæm 'pu,
sleepiest,'sli pi əst,
sleepy,'sli pi,
spray, spɹeɪ,
straw, stɹɔ,
supermarket,'su pɚ mɑɚ kɪt,
tend, tɛnd,
umbrella, ʌm 'bɹɛ lʌ,
vomit,'vɑ mɪt,
wrestler,'ɹɛ slɚ,
chess, ʧɛs,
chin, ʧɪn,
clip, klɪp,
concept,'kɑn sɛpt,
core, koɚ,
deed, did,
destruction, dɪ 'stɹʌk ʃən,
display, dɪ 'spleɪ,
DNA,'di ɛn eɪ,
eighth, eɪtθ,
eliminate, ɪ 'lɪ mə neɪt,
geese, gis,
goose, gus,
homosexual, hoʊ mə 'sɛk ʃu əl,
invention, ɪn 'vɛn ʃən,
marathon,'meɚ ə θɑn,
minus,'maɪ nəs,
paperwork,'peɪ pɚ wɚk,
pilgrim,'pɪl gɹəm,
plug, plʌg,
replacement, ɹə 'pleɪ smənt,
surrender, sə 'ɹɛn dɚ,
vacuum,'væ kjum,
absolute,'æb sə lut,
breeze, bɹiz,
crystal,'kɹɪ stəl,
data,'deɪ ɾʌ,'dæ ɾə
editor,'ɛ ɾə ɾɚ,
evolve, ɪ 'vɑlv,
flow, floʊ,
germ, ʤɚm,
grace, gɹeɪs,
harsh, hɑɚʃ,
harsher,'hɑɚ ʃɚ,
harshest,'hɑɚ ʃəst,
intelligence, ɪn 'tɛ lə ʤəns,
jaw, ʤɔ,
juicy,'ʤu si,
lipstick,'lɪp stɪk,
luckily,'lʌ kə li,
males, meɪlz,
medium,'mi ɾi jəm,
minority, maɪ 'noɚ ə ɾi,
overnight, oʊ vɚ 'naɪt,
particularly, pɚ 'tɪ kjə lɚ li,
payment,'peɪ mənt,
retirement, ɹə 'taɪ jɚ mɪnt,
scenario, sɪ 'neɪ ɹi oʊ,
scrub, skɹʌb,
shiny,'ʃaɪ ni,
thoughtful,'θɔt fəl,
tribe, tɹaɪb,
worthless,'wɚ θləs,
adjustment, ə 'ʤʌst mənt,
adoption, ʌ 'dɑp ʃən,
anyhow,'ɛ ni haʊ,
athlete,'æ θlit,
burst, bɚst,
cocoa,'koʊ koʊ,
constant,'kɑn stɪnt,
courtesy,'kɚ ɾə si,
cue, kju,
current,'kɚ ɹɪnt,
dough, doʊ,
embrace, ɛm 'bɹeɪs,
fax, fæks,
foolish,'fu lɪʃ,
locate,'loʊ keɪt,
memo,'mɛ moʊ,
mentally,'mɛ nə li,
minor,'maɪ nɚ,
monitor,'mɑ nə ɾɚ,
moo, mu,(def: cow's sound)
quote, kwoʊt,
raccoon, ɹæ 'kun,
seduce, sɪ 'dus,
sleeve, sliv,
strangle,'stɹeɪŋ gəl,
sunshine,'sʌn ʃaɪn,
tickle,'tɪ kəl,
tower,'taʊ wɚ,
troop, tɹup,
volume,'vɑ ljum,
acknowledge, ɪk 'nɑ lɪʤ,
addition, ʌ 'dɪ ʃən,
advanced, əd 'vænst,
bass, beɪs,(def: fish / low sounds)
businessman,'bɪz nə smæn,
businessmen,'bɪz nɪ smɛn,
classroom,'klæ sɹum,
clinic,'klɪ nɪk,
coward,'kaʊ wɚd,
driveway,'dɹaɪ vweɪ,
elect, ɪ 'lɛkt,
fist, fɪst,
grown-up,'gɹoʊ nʌp,
indicate,'ɪn də keɪt,
ingredient, ɪn 'gɹi ɾi ənt,
instance,'ɪn stəns,
June, ʤun,
lighten,'laɪ ɾən,
mailman,'meɪl mæn,
mailmen,'meɪl mɛn,
meteor,'mi ɾi jɚ,
mop, mɑp,
mushroom,'mʌ ʃɹum,
noble,'noʊ bəl,
pajamas, pə 'ʤɑ məz,
physically,'fɪ zɪ kli,
pro, pɹoʊ,
regarding, ɹɪ 'gɑɚ dɪŋ,
reverend,'ɹɛ vɹɪnd,
root, ɹut,
slutty,'slʌ ti,
sniff, snɪf,(def: to smell)
swell, swɛl,
amuse, ʌ 'ʌmjuz,
ancestor,'æn sɛ stɚ,
attic,'æ ɾɪk,
broccoli,'bɹɑ kli,
circumstance,'sɚ kəm stænts,
circumstances,'sɚ kəm stæn səz,
clothing,'kloʊ ðɪŋ,
decade,'dɛ keɪd,
disorder, dɪ 'soɚ ɾɚ,
dungeon,'dʌn ʤən,
evolution, ɛ və 'lu ʃən,
exception, ɪk 'sɛp ʃən,
function,'fʌŋk ʃən,
geek, gik,
glorious,'gloɚ ɹi əs,
gossip,'gɑ səp,
happily,'hæ pə li,
ID, aɪ di,
IDs, aɪ diz,
military,'mɪ lə tɛ ɹi,
nude, nud,
pan, pæn,
paradise,'peɚ ə daɪs,
pervert, pɚ 'vɚt,
pinch, pɪnʧ,
pity,'pɪ ɾi,
rotten,'ɹɑ tən,
seventh,'sɛ vənθ,
similar,'sɪ mə lɚ,
tractor,'tɹæk tɚ,
tunnel,'tʌ nəl,
vanilla, və 'nɪ lʌ,
violate,'vaɪ ə leɪt,
wreck, ɹɛk,
zip, zɪp,
bedtime,'bɛd taɪm,
cape, keɪp,
crossword,'kɹɑ swɚd,
designer, dɪ 'zaɪ nɚ,
enormous, ɪ 'noɚ məs,
extreme, ɛk 'stɹim,
fragile,'fɹæ ʤəl,
genetic, ʤə 'nɛ ɾɪk,
length, leɪŋkθ,
lightning,'laɪt nɪŋ,
magnificent, mæg 'nɪ fə sənt,
mankind, mæŋ 'kaɪnd,
marshmallow,'mɑɚ ʃmɛ loʊ,
meatball,'mit bɔl,
messiest,'mɛ si əst,
messy,'mɛ si,
mount, maʊnt,
navy,'neɪ vi,
oppose, ə 'poʊz,
passenger,'pæ sən ʤɚ,
playground,'pleɪ gɹaʊnd,
possession, pə 'zɛ ʃən,
proposal, pɹə 'poʊ zəl,
psycho,'saɪ koʊ,
rapping,'ɹæ pɪŋ,
Republican, ɹɪ 'pʌ blɪ kən,
stereotype,'steɚ ɹi oʊ taɪp,
sunglasses,'sʌn glæ sɪz,
temp, tɛmp,
thou, ðaʊ,
urinal,'jʊ ɹə nəl,
abuse, ʌ 'bjuz,
adjust, ə 'ʤʌst,
approval, ʌ 'pɹu vəl,
barrel,'beɚ ɹəl,
certificate, sɚ 'tɪ fɪ kɪt,
complex,'kɑm plɛks,
contestant, kən 'tɛ stənt,
era,'ɛ ɹə (Noun),'i ɹə (Proper Noun)
exhibit, ɪg 'zɪ bɪt,
fame, feɪm,
gene, ʤin,
hop, hɑp,
invisible, ɪn 'vɪ zə bəl,
kitten,'kɪ tɪn,
laptop,'læp tɑp,
maniac,'meɪ ni æk,
myth, mɪθ,
myths, mɪθs,
needle,'ni ɾəl,
prime, pɹaɪm,
puke, pjuk,
rating,'ɹeɪ ɾɪŋ,
reserve, ɹə 'zɚv,
sarcastic, sɑɚ 'kæ stɪk,
shelf, ʃɛlf,
shelves, ʃɛlvz,
skeleton,'skɛ lɪ tɪn,
submit, səb 'mɪt,
supervisor,'su pɚ vaɪ zɚ,
symptom,'sɪmp təm,
virus,'vaɪ ɹɪs,
weakness,'wik nɪs,
weaknesses,'wik nə səz,
applause, ə 'plɔz,
boil, boɪl,
brag, bɹæg,
buckle,'bʌ kəl,
burglar,'bɚ glɚ,
caller,'kɔ lɚ,
carton,'kɑɚ tən,
donkey,'dɑŋ ki,
entrance,'ɛn ʧɹɪns,
environmental, ɪn vaɪ ɚn 'mɛn təl,
equal,'i kwəl,
expand, ɪk 'spænd,
flu, flu,
forehead,'fɑɚ ɪd,
greet, gɹit,
greeting,'gɹi ɾɪŋ,
illness,'ɪl nɪs,
injure,'ɪn ʤɚ,
lifestyle,'laɪf staɪl,
objection, əb 'ʤɛk ʃən,
outrage,'aʊ tɹeɪʤ,
pasta,'pɑ stʌ,
practical,'pɹæk tɪ kəl,
recess,'ɹi sɛs,
recycle, ɹə 'saɪ kəl,
rehearse, ɹə 'hɚs,
roast, ɹoʊst,
salsa,'sɑl sə,
shred, ʃɹɛd,
sloppiest,'slɑ pi əst,
sloppy,'slɑ pi,
somewhat,'sʌm wʌt,
suitcase,'sut keɪs,
tense, tɛns,
valley,'væ li,
appetite,'æ pə taɪt,
association, ə soʊ si 'eɪ ʃən,
attorney, ʌ 'tɚ ni,
bicycle,'baɪ sɪ kəl,
bikini, bɪ 'ki ni,
bun, bʌn,
collar,'kɑ lɚ,
confront, kən 'fɹʌnt,
contribute, kən 'ʧɹɪ bjut,
critic,'kɹɪ ɾɪk,
deposit, də 'pɑ zɪt,
depressing, dɪ 'pɹɛ sɪŋ,
dime, daɪm,
discovery, dɪ 'skʌ vɚ ɹi,
effective, ə 'fɛk tɪv,
excitement, ɪk 'saɪt mɪnt,
expectation, ɛk spɛk 'teɪ ʃən,
eyebrow,'aɪ bɹaʊ,
fluffiest,'flʌ fi əst,
fluffy,'flʌ fi,
headache,'hɛ deɪk,
independent, ɪn dɪ 'pɛn dɪnt,
integrity, ɪn 'tɛ gɹɪ ɾi,
karma,'kɑɚ mə,
lizard,'lɪ zɚd,
logic,'lɑ ʤɪk,
nerve, nɚv,
plain, pleɪn,
poet,'poʊ wɪt,
quietly,'kwaɪ ə tli,
relative,'ɹɛ lə tɪv,
safely,'seɪ fli,
shrink, ʃɹɪŋk,
slam, slæm,
surprisingly, sə 'pɹaɪ zɪŋ li,
throughout, θɹu 'waʊt,
tournament,'toɚ nə mɪnt,
trail,'ʧɹeɪ əl,
wardrobe,'woɚ dɹoʊb,
wrist, ɹɪst,
alike, ə 'laɪk,
allergy,'æ lɚ ʤi,
atheist,'eɪ θi əst,
chamber,'ʧeɪm bɚ,
cheeseburger,'ʧiz bɚ gɚ,
claw, klɔ,
conscience,'kɑn ʃəns,
cuddle,'kʌ ɾəl,
cycle,'saɪ kəl,
elf, ɛlf,
elves, ɛlvz,
existence, ɪg 'zɪ stəns,
gallery,'gæ lɚ ɹi,
inner,'ɪ nɚ,
innermost,'ɪ nɚ moʊst,
instinct,'ɪn stɪŋkt,
instruction, ɪn 'stɹʌk ʃən,
layer,'leɪ jɚ,
loyal,'loɪ əl,
maintain, meɪn 'teɪn,
maintenance,'meɪnt nɪns,
meaningless,'mi nɪŋ ləs,
memorize,'mɛ mɚ ɹaɪz,
missile,'mɪ səl,
moist, moɪst,
moistest,'moɪ stəst,
nag, næg,
paintball,'peɪnt bɑl,
pattern,'pæ ɾɚn,
physicist,'fɪ zɪ sɪst,
pointless,'poɪn tlɪs,
polish,'pɑ lɪʃ,
refund,'ɹi fʌnd,
sitcom,'sɪt kɑm,
slight, slaɪt,
slightest,'slaɪ ɾəst,
starred, stɑɚd,
starring,'stɑɚ əŋ,
strip, stɹɪp,
temple,'tɛm pəl,
torture,'toɚ ʧɚ,
wax, wæks,
wooden,'wʊ ɾən,
awareness, ʌ 'weɚ nɪs,
baggage,'bæ gɪʤ,
buffet, bə 'feɪ,
cricket,'kɹɪ kət,
decorate,'dɛ kɚ ɹeɪt,
definition, dɛ fə 'nɪ ʃən,
development, də 'vɛ ləp mənt,
discipline,'dɪ sə plɪn,
entries,'ɛn ʧɹiz,
entry,'ɛn ʧɹi,
explosion, ɪk 'sploʊ ʒən,
hack, hæk,
hunter,'hʌn tɚ,
kite, kaɪt,
mortgage,'moɚ gɪʤ,
nacho,'nɑ ʧoʊ,
pact, pækt,
palace,'pæ lɪs,
password,'pæ swɚd,
pledge, plɛʤ,
pond, pɑnd,
pyramid,'piɚ ə mɪd,
resolution, ɹɛ zə 'lu ʃən,
rig, ɹɪg,
rigged, ɹɪgd,
sacrifice,'sæ kɹə faɪs,
sector,'sɛk tɚ,
sunset,'sʌn sɛt,
superior, su 'piɚ ɹi ɚ,
surgeon,'sɚ ʤɪn,
tease, tiz,
teasing,'ti zɪŋ,
thus, ðʌs,
vegetarian, vɛ ʤə 'teɚ i ɪn,
videotape,'vɪ ɾi oʊ teɪp,
viewing,'vju ɪŋ,
workout,'wɚ kaʊt,
antique, æn 'tik,
appeal, ə 'pi əl,
appealing, ʌ 'pi lɪŋ,
arrangement, ʌ 'ɹeɪnʤ mənt,
blues, bluz,
closure,'kloʊ ʒɚ,
cushion,'kʊ ʃɪn,
dramatic, dɹə 'mæ ɾɪk,
generally,'ʤɛ nɚ ɹə li,
guinea,'gɪ ni,
hysterical, hɪ 'steɚ ə kəl,
ill, ɪl,
lid, lɪd,
Mafia,'mɑ fi ə,
method,'mɛ θɪd,
outrageous,'aʊ tɹeɪ ʤəs,
peel,'pi əl,
rash, ɹæʃ,
rebel,'ɹɛ bəl,
so-called,'soʊ kɔld,
sophisticated, sə 'fɪ stɪ keɪ ɾɪd,
stool, stul,
struggle,'stɹʌ gəl,
subtle,'sʌ ɾəl,
suspend, sə 'spɛnd,
tension,'tɛn ʃɪn,
wealthier,'wɛl θi ɚ,
wealthiest,'wɛl θi əst,
wealthy,'wɛl θi,
aim, eɪm,
aims, eɪmz,
auto,'ɔ ɾoʊ,
autos,'ɔ ɾoʊz,
bowel,'baʊ əl,
bugging,'bʌ gɪŋ,
bummer,'bʌ mɚ,
cater,'keɪ ɾɚ,
CEO,'si i oʊ,
chubby,'ʧʌ bi,
comfort,'kʌm fɚt,
comforting,'kʌm fɚ ɾɪŋ,
conflict, kən 'flɪkt,
convert, kən 'vɚt,
dairy,'deɚ ɹi,
division, dɪ 'vɪ ʒən,
donation, doʊ 'neɪ ʃən,
edit,'ɛ ɾɪt,
edited,'ɛ ɾə ɾəd,
editing,'ɛ ɾə ɾɪŋ,
edits,'ɛ ɾɪts,
expire, ɪk 'spaɪ jɚ,
flyer,'flaɪ jɚ,
freakiest,'fɹi ki əst,
freaky,'fɹi ki,
goods, gʊdz,
hamster,'hæm stɚ,
honesty,'ɑ nɪ sti,
ignorant,'ɪg nɚ ənt,
inspiration, ɪn spɚ 'ɹeɪ ʃən,
masturbate, masturbate,
metaphor,'mɛ ɾə foɚ,
moral,'mɔ ɹəl,
motel, moʊ 'tɛl,
participate, pɑɚ 'tɪ sə peɪt,
radiation, ɹeɪ di 'eɪ ʃɪn,
raw, ɹɔ,
relate, ɹə 'leɪt,
resident,'ɹɛ zɪ dɪnt,
slot, slɑt,
southern,'sʌ ðɚn,
spiritual,'spiɚ ə ʧu wəl,
stickiest,'stɪ ki əst,
sticky,'stɪ ki,
three-way,'θɹi weɪ,
tin, tɪn,
workplace,'wɚk pleɪs,
zoom, zum,
activate,'æk tə veɪt,
bare, beɚ,
briefcase,'bɹif keɪs,
cologne, kə 'loʊn,
competitive, kəm 'pɛ ɾɪ ɾɪv,
depression, dɪ 'pɹɛ ʃɪn,
extend, ɪk 'stɛnd,
fighter,'faɪ ɾɚ,
gently,'ʤɛn tli,
graduation, gɹæ ʤu 'weɪ ʃən,
grief, gɹif,
growth, gɹoʊθ,
infect, ɪn 'fɛkt,
latte,'lɑ teɪ,
leak, lik,
loaf, loʊf,
logical,'lɑ ʤɪ kəl,
lure, lɚ,
macaroni, mæ kə 'ɹoʊ ni,
millennia, mə 'lɛ ni ə,
millennium, mə 'lɛ ni əm,
olive,'ɑ lɪv,
ordinary,'oɚ də neɪ ɹi,
outer,'aʊ ɾɚ,
outermost,'aʊ ɾɚ moʊst,
oxygen,'ɑk sə ʤən,
peaceful,'pi sfəl,
perfume,'pɚ fjum,
phony,'foʊ ni,
protocol,'pɹoʊ ɾə kɑl,
realistic, ɹi ə 'lɪ stɪk,
recital, ɹə 'saɪ ɾəl,
remarkable, ɹə 'mɑɚ kə bəl,
resume, ɹɪ 'zum,
sabotage,'sæ bə tɑʒ,
sadly,'sæ dli,
scar, skɑɚ,
sparkle,'spɑɚ kəl,
tow, toʊ,
towing,'toʊ ɪŋ,
vulnerable,'vʌl nɚ ə bəl,
wolf, wʊlf,
yum, jʌm,
addressing, ə 'dɹɛ sɪŋ,
agenda, ə 'ʤɛn də,
assign, ʌ 'saɪn,
autograph,'ɔ ɾə gɹæf,
await, ə 'weɪt,
billionaire,'bɪl jə neɚ,
buyer,'baɪ jɚ,
charade, ʃɚ 'eɪd,
collapse, kə 'læps,
conditioning, kən 'dɪ ʃə nɪŋ,
consequence,'kɑn sə kwɛns,
crooked,'kɹʊ kɪd,
cultural,'kʌl ʧɚ əl,
dawn, dɔn,
December, də 'sɛm bɚ,
deli,'dɛ li,(Mr. Sub)
examine, ɪg 'zæ mɪn,
fried, fɹaɪd,
frying,'fɹaɪ ɪŋ,
hood, hʊd,
hormone,'hoɚ moʊn,
hush, hʌʃ,
insecure,'ɪn sə kjɚ,
intention, ɪn 'tɛn ʃən,
international, ɪn tɚ 'næ ʃə nəl,
karaoke, keɚ ɹi 'oʊ ki,
lining,'laɪ nɪŋ,
maple,'meɪ pəl,
motor,'moʊ ɾɚ,
pose, poʊz,
posing,'poʊ zɪŋ,
psychiatrist, sə 'kaɪ ə tɹəst,
repair, ɹə 'peɚ,
steadier,'stɛ ɾi ɚ,
steadiest,'stɛ ɾi əst,
steady,'stɛ ɾi,
strategy,'stɹæ ɾə ʤi,
tempt, tɛmpt,
tent, tɛnt,
vet, vɛt,
bathtub,'bæθ tʌb,
bitching,'bɪ ʧɪŋ,
broad, bɹɔd,
brutal,'bɹu ɾəl,
buzz, bʌz,
campaign, kæm 'peɪn,
conduct,'kɑn dʌkt,
copier,'kɑ pi ɚ,
eternal, ə 'tɚ nəl,
foam, foʊm,
FYI, ɛ fwaɪ aɪ,
gag, gæg,
google,'gu gəl,
googled,'gu gəld,
googles,'gu gəlz,
googling,'gu glɪŋ,
greediest,'gɹi ɾi ɪst,
greedy,'gɹi ɾi,
kisser,'kɪ sɚ,
lava,'lɑ vʌ,
loosen,'lu sən,
mailbox,'meɪl bɑks,
naive, naɪ 'iv,
November, noʊ 'vɛm bɚ,
particle,'pɑɚ ɾə kəl,
permanent,'pɚ mə nənt,
perspective, pɚ 'spɛk tɪv,
privilege,'pɹɪ vlɪʤ,
resolve, ɹə 'zɔlv,
scarf, skɑɚf,
trainer,'tɹeɪ nɚ,
tumor,'tu mɚ,
unable, ʌ 'neɪ bəl,
unacceptable, ʌ næk 'sɛp tə bəl,
unfortunate, ʌn 'foɚ ʧə nət,
update,'ʌp deɪt,
updates,'ʌp deɪts,
vault, vɔlt,
volcano, vɔl 'keɪ noʊ,
weed, wid,
worthy,'wɚ ði,
addicted, ə 'dɪk tɪd,
bitter,'bɪ ɾɚ,
bitterer,'bɪ ɾɚ ɚ,
bitterest,'bɪ ɾɚ əst,
blog, blɑg,
booing,'bu ɪŋ,
braces,'bɹeɪ səz,
cashmere,'kæʒ miɚ,
chimp, ʧɪmp,
communist,'kɑ mjə nɪst,
consultant, kən 'sʌl tənt,
criticize,'kɹɪ ɾɪ saɪz,
cutie,'kju 'ti,
decaf,'di kæf,
demonstrate,'dɛ mən stɹeɪt,
denial, dɪ 'naɪ əl,
distraction, dɪ 'sʧɹæk ʃən,
dunk, dʌŋk,
edition, ə 'dɪ ʃən,
embarrassment, ɪm 'bɛ ɹə smənt,
extension, ɪk 'stɛn ʃɪn,
Frisbee,'fɹɪs bi,
grind, gɹaɪnd,
hairy,'heɚ ɹi,
handy,'hæn di,
humble,'hʌm bəl,
juggle,'ʤʌ gəl,
kit, kɪt,
loyalty,'loɪ əl ti,
lyric,'liɚ ɹɪk,
margarita, mɑɚ gɚ 'ɹi ɾʌ,
molest, mə 'lɛst,
occasionally, ə 'keɪ ʒə nə li,
overwhelm, oʊ vɚ 'wɛlm,
pharmacy,'fɑɚ mə si,
preserve, pɹə 'zɚv,
properly,'pɹɑ pɚ li,
restroom,'ɹɛ stɹum,
secure, sə 'kjʊɚ,
settlement,'sɛ ɾəl mɪnt,
sundae,'sʌn deɪ,
Thai, taɪ,
toad, toʊd,
trailer,'ʧɹeɪ lɚ,
transform, tɹæn 'sfoɚm,
uterus,'ju ɾɚ əs,
violation, vaɪ ə 'leɪ ʃɪn,
weekly,'wi kli,
advise, æd 'vaɪz,
altar,'ɑl tɚ,
assemblies, ə 'sɛm bliz,
assembly, ʌ 'sɛm bli,
beaver,'bi vɚ,
blazer,'bleɪ zɚ,
brief, bɹif,
compromise,'kɑm pɚ maɪz,
conspiracy, kən 'spiɚ ɹə si,
critical,'kɹɪ ɾɪ kəl,
devastated,'dɛ və steɪ ɾɪd,
disappointment, dɪ sə 'poɪnt mɪnt,
dumpster,'dʌmp stɚ,
feather,'fɛ ðɚ,
furious,'fjʊ ɹi ɪs,
goddess,'gɑ ɾəs,
housekeeper,'haʊ ski pɚ,
immature, ɪ mə 'ʧɚ,
jackpot,'ʤæk pɑt,
janitor,'ʤæ nə ɾɚ,
jungle,'ʤʌŋ gəl,
Korean,'kɹi ən,
lasagna, lɑ 'sɑ njə,
liberty,'lɪ bɚ ɾi,
opponent, ə 'poʊ nɪnt,
penguin,'pɛŋ gwɪn,
photographer, fə 'tɑ gɹə fɚ,
pimp, pɪmp,
processed,'pɹɑ sɛst,
processing,'pɹɑ sɛ sɪŋ,
racket,'ɹæ kɪt,(sports equipment or scam)
racquet,'ɹæ kɪt,(sports equipment or scam)
region,'ɹi ʤɪn,
robe, ɹoʊb,
sew, soʊ,
sewed, soʊd,
sewing,'soʊ ɪŋ,
sewn, soʊn,
sews, suz,
shatter,'ʃæ ɾɚ,
sickness,'sɪk nɪs,
sidekick,'saɪd kɪk,
spice, spaɪs,
starter,'stɑɚ ɾɚ,
stir, stɚ,
structure,'stɹʌk ʃɚ,
sub, sʌb,
tampon,'tæm pɑn,
touchdown,'tʌʧ daʊn,
anxiety, ɛŋ 'zaɪ ə ɾi,
bay, beɪ,
chemistry,'kɛ mə stɹi,
desperately,'dɛ spɹə tli,
diabetes, daɪ ə 'bi ɾiz,
diarrhea, daɪ jɚ 'ɹi jʌ,
dictionary,'dɪk ʃə neɚ ɹi,
dock, dɑk,
exploit, ɛk 'sploɪt,
fatty,'fæ ɾi,
fluid,'flu wɪd,
gender,'ʤɛn dɚ,
glitter,'glɪ ɾɚ,
harass, hɚ 'ɹæs,
hen, hɛn,
interfere, ɪn tɚ 'fiɚ,
irony,'aɪ ɹə ni,
novelty,'nɑ vəl ti,
previous,'pɹi vi ɪs,
rehab,'ɹi hæb,
reindeer,'ɹeɪn diɚ,
reminder, ɹə 'maɪn dɚ,
resent, ɹɪ 'zɛnt,
rodeo,'ɹoʊ ɾi oʊ,(horsemanship/not cameo; 友情客串)
severe, sə 'viɚ,
slippery,'slɪ pɚ ɹi,
smoker,'smoʊ kɚ,
spooky,'spu ki,
stunt, stʌnt,
terror,'tɛ ɹɚ,
transplant,'ʧɹæn splænt,
villain,'vɪ lɪn,
whatsoever, wʌt soʊ 'wɛ vɚ,
accurate,'æ kjɚ ɪt,
alter,'ɔl tɚ,
ash, æʃ,
authentic, ɑ 'θɛn tɪk,
basis,'beɪ sɪs,
chemical,'kɛ mə kəl,
clap, klæp,
closely,'kloʊ sli,
commissioner, kə 'mɪ ʃə nɚ,
communication, kə mju nə 'keɪ ʃən,
Congress,'kɑŋ gɹɪs,
Dutch, dʌʧ,
engineer, ɛn ʤə 'niɚ,
federal,'fɛ ɾɚ ɹəl,
fetch, fɛʧ,
glory,'glɔ ɹi,
harmless,'hɑɚ mləs,
importantly, ɪm 'poɚ tən tli,
lounge, laʊnʤ,
milkshake,'mɪlk ʃeɪk,
mutant,'mju ɾənt,
nearest,'nɪ ɹəst,
negotiate, nə 'goʊ ʃi eɪt,
notebook,'noʊt bʊk,
outlet,'aʊ tlɛt,
paycheck,'peɪ ʧɛk,
prop, pɹɑp,
quantum,'kwɑn təm,
range, ɹeɪnʤ,
sane, seɪn,
saxophone,'sæk sə foʊn,
smiley,'smaɪ li,
solar,'soʊ lɚ,
spaceship,'speɪ sʃɪP,
stem, stɛm,
sting, stɪŋ,
storage,'stoɚ ɹɪʤ,
stung, stʌŋ,
suite, swit,
unlock, ʌn 'lɑk,
urban,'ɚ bɪn,
wacky,'wæ ki,(silly)
warrior,'woɚ ɹi jɚ,
whacky,'wæ ki,
aggressive, ə 'gɹɛ sɪv,
balcony,'bæl kə ni,
bargain,'bɑɚ gɪn,
beam, bim,
cappuccino, kæ pə 'ʧi noʊ,
charm, ʧɑɚm,
cock, kɑk,
consume, kən 'sum,
crank, kɹæŋk,(cranky = unstable; cringy = embarrassing)
European, jʊ ɹə 'pi ən,
fiction,'fɪk ʃən,
headquarter,'hɛd koɚ ɾɚ,
holder,'hoʊl dɚ,
income,'ɪŋ kʌm,
ink, ɪŋk,
instrument,'ɪn stɚ mɪnt,
jinx, ʤɪŋks,(curse)
kindly,'kaɪn dli,
liquid,'lɪ kwɪd,
lump, lʌmp,
magnet,'mæg nɪt,
marketing,'mɑɚ kə ɾɪŋ,
notch, nɑʧ,
originally, ʌ 'ɹɪ ʤɪ nə li,
piggy,'pɪ gi,
pineapple,'paɪ næ pəl,
poo, pu,
porch, poɚʧ,
predict, pɹə 'dɪkt,
priceless,'pɹaɪ slɪs,
priority, pɹaɪ 'joɚ ɪ ɾi,
ramp, ɹæmp,
receipt, ɹə 'sit,
remark, ɹə 'mɑɚk,
rusty,'ɹʌ sti,
sandal,'sæn dəl,
sandals,'sæn dəlz,
scum, skʌm,
seize, siz,
servant,'sɚ vɪnt,
sewer,'su ɚ,
shrank, ʃɹæŋk,
shrunk, ʃɹʌŋk,
sidewalk,'saɪ dwɔk,
significant, sɪg 'nɪ fɪ kɪnt,
slaughter,'slɔ ɾɚ,
spine, spaɪn,
stubborn,'stʌ bɚn,
stumble,'stʌm bəl,
troubling,'tɹʌ blɪŋ,
urge, ɚʤ,
urgent,'ɚ ʤɪnt,
veal,'vi əl,
wink, wɪŋk,
abort, ə 'boɚt,
active,'æk tɪv,
aid, eɪd,
aspirin,'æ spɹɪn,
bakery,'beɪ kɚ i,
bold, boʊld,
bombing,'bɑ mɪŋ,
brat, bɹæt,
cemetery,'sɛ mɪ teɚ ɹi,
cleanse, klɛnz,
colleague,'kɑ lig,
colon,'koʊ lɪn,
confusion, kən 'fju ʒən,
congratulate, kəng 'ɹæʧ əl eɪt,
context,'kɑn tɛkst,
creeps, kɹips,
dull, dʌl,
ego,'i goʊ,
fog, fɔg,
fuzzy,'fʌ zi,
individual, ɪn də 'vɪ ʤə wəl,
insensitive, ɪn 'sɛn sə ɾɪv,
investigation, ɪn vɛ stɪ 'geɪ ʃən,
investor, ɪn 'vɛ stɚ,
IQ,'aɪ kju,
irresponsible, iɚ ɹə 'spɑn sə bəl,
knit, nɪt,
meter,'mi ɾɚ,
nominate,'nɑ mə neɪt,
oatmeal,'oʊt mil,
omelet,'ɑ mlət,
overcame,'oʊ vɚ keɪm,
overcome,'oʊ vɚ kʌm, oʊ vɚ 'kʌm
overcomes,'oʊ vɚ kʌmz,
overcoming,'oʊ vɚ kʌ mɪŋ,
plaque, plæk,
premiere, pɹə 'miɚ,
pursue, pɚ 'su,
reflect, ɹə 'flɛkt,
relation, ɹə 'leɪ ʃən,
rep, ɹɛp,
retard, ɹɪ 'tɑɚd,
seating,'si ɾɪŋ,
shack, ʃæk,
sincere, sɪn 'siɚ,
swan, swɑn,
theft, θɛft,
thunder,'θʌn dɚ,
tricky,'ʧɹɪ ki,
tummy,'tʌ mi,
undo, ən 'du,
undone, ʌn 'dʌn,
unnecessary, ʌn 'nɛ sə seɚ i,
unpleasant, ʌn 'plɛ zənt,
vase, veɪs,
waist, weɪst,
bizarre, bə 'zɑɚ,
cliff, klɪf,
comb, koʊm,
curl,'kɚ ɹəl,
curling,'kɚ lɪŋ,
disable, dɪ 'seɪ bəl,
disabling, dɪ 'seɪ blɪŋ,
district,'dɪ sʧɹɪkt,
emerge, ə 'mɚʤ,
emperor,'ɛm pɚ ɚ,
endless,'ɛn dlɪs,
fantasize,'fæ nə saɪz,
folk, foʊk,
fortunately,'foɚ ʧə nə tli,
forwarding,'foɚ wɚ ɾɪŋ,
gap, gæp,
goggles,'gɑ gəlz,
handshake,'hænd ʃeɪk,
illusion, ɪ 'lu ʒən,
infection, ɪn 'fɛk ʃən,
influence,'ɪn flu əns,
institute,'ɪn stə tut,
liberal,'lɪ bɹəl,
mutual,'mju ʧu wəl,
nun, nʌn,
objected, əb 'ʤɛk təd,
p.m.,'pi ɛm,
patience,'peɪ ʃəns,
paw, pɔ,
pickup,'pɪ kʌp,
pm,'pi ɛm,
portrait,'poɚ tɹɪt,
possess, pə 'zɛs,
rabies,'ɹeɪ biz,
rednecks,'ɹɛd nɛk,
regard, ɹɪ 'gɑɚd,
regards, ɹɪ 'gɑɚdz,
relevant,'ɹɛ lə vɪnt,
restrain, ɹi 'sʧɹeɪn,
satisfaction, sæ ɾɪ 'sfæk ʃən,
secondly,'sɛ kɪn dli,
sip, sɪp,
sponsor,'spɑn sɚ,
sprinkles,'spɹɪŋ kəlz,
steel,'sti əl,
subtitle,'sʌb taɪ ɾəl,
tackle,'tæ kəl,
territory,'tɛ ɹə toɚ ɹi,
tourist,'tɚ ɪst,
tremendous, ʧɹə 'mɛn dɪs,
trim, tɹɪm,
trimming,'ʧɹɪ mɪŋ,
tux, tʌks,
vegan,'vi gɪn,
womb, wum,
absence,'æb səns,
acceptable, ək 'sɛp tə bəl,
assemble, ə 'sɛm bəl,
assistance, ʌ 'sɪ stɪns,
backed, bækt,
backing,'bæ kɪŋ,
bluff, blʌf,
bluffing,'blʌ fɪŋ,
bribe, bɹaɪb,
bribing,'bɹaɪ bɪŋ,
conceive, kən 'siv,
diner,'daɪ nɚ,
donor,'doʊ nɚ,
drilling,'dɹɪ lɪŋ,
expel, ɪk 'spɛl,
flowing,'floʊ ɪŋ,
garlic,'gɑɚ lɪk,
golfing,'gɔl fɪŋ,
groin, gɹoɪn,
handful,'hænd fʊl,
hike, haɪk,
hiking,'haɪ kɪŋ,
importance, ɪm 'poɚ təns,
intimacy,'ɪn tə mə si,
inventor, ɪn 'vɛn tɚ,
jerky,'ʤɚ ki,
manure, mə 'nɚ,
mentor,'mɛn toɚ,
mummy,'mʌ mi,
ninth, naɪnθ,
occupy,'ɑ kjə paɪ,
occupying,'ɑ kjə paɪ ɪŋ,
pamphlet,'pæm flət,
pause, pɔz,
pausing,'pɔ zɪŋ,
pretentious, pɹi 'tɛn ʃəs,
ranch, ɹænʧ,
razor,'ɹeɪ zɚ,
reverse, ɹə 'vɚs,
rooster,'ɹu stɚ,
scramble,'skɹæm bəl,
scrambling,'skɹæm blɪŋ,
scrape, skɹeɪp,"(e.g., ice scraper)"
sensation, sɛn 'seɪ ʃən,
shuttle,'ʃʌ ɾəl,
stall, stɔl,
stalling,'stɔ lɪŋ,
summon,'sʌ mən,
tad, tæd,(slightly)
tan, tæn,
tango,'tɛŋ oʊ,
tanning,'tæ nɪŋ,
teeny,'ti ni,(tiny)
tenth, tɛnθ,
trashing,'ʧɹæ ʃɪŋ,
unexpected, ʌn ɪk 'spɛk tɪd,
unicorn,'ju nɪ koɚn,
unknown, ʌn 'noʊn,
unpack, ən 'pæk,
useful,'ju sfəl,
variety, vɚ 'ɹaɪ ə ɾi,
vicious,'vɪ ʃɪs,
voter,'voʊ ɾɚ,
animate,'æ nə meɪt,
ATM,'eɪ ti ɛm,
atmosphere,'æt mə sfiɚ,
boundary,'baʊn dɚ ɹi,
cardboard,'kɑɚd boɚd,
cherish,'ʧeɚ ɪʃ,
civilization, sɪ və lɪ 'zeɪ ʃən,
commander, kə 'mæn dɚ,
conquer,'kɑŋ kɚ,
convenience, kən 'vi njəns,
cram, kɹæm,
deadline,'dɛ dlaɪn,
detector, dɪ 'tɛk tɚ,
dimension, dɪ 'mɛn ʃən,
dresser,'dɹɛ sɚ,
elegant,'ɛ lə gɪnt,
empire,'ɛm paɪ ɚ,
extraordinary, ɪk 'sʧɹoɚ dɪ neɚ ɹi,
grandson,'gɹæn sʌn,
helpless,'hɛl pləs,
historical, hɪ 'stɔ ɹɪ kəl,
hottie,'hɑ ti,
identical, aɪ 'dɛn tɪ kəl,
initiate, ɪ 'nɪ ʃi eɪt,
investigate, ɪn 'vɛ stɪ geɪt,
investigating, ɪn 'vɛ stə geɪ ɾɪŋ,
itch, ɪʧ,
itching,'ɪ ʧɪŋ,
juvenile,'ʤu və nəl,
lacking,'læ kɪŋ,
Latin,'læ ɾən,
luggage,'lʌ gɪʤ,
mannequin,'mæ nə kɪn,
motivate,'moʊ ɾə veɪt,
niece, nis,
nieces,'ni sɪz,
passport,'pæ spoɚt,
pharmacist,'fɑɚ mə sɪst,
pitcher,'pɪ ʧɚ,
planetarium, plæ nə 'tɛ ɹi əm,
precisely, pɹə 'saɪ sli,
profile,'pɹoʊ faɪl,
reconsider, ɹi kən 'sɪ ɾɚ,
ritual,'ɹɪ ʧu wəl,
robbery,'ɹɑ bɚ ɹi,
self-esteem, sɛlf ɛs tim,
semen,'si mən,
serial,'si ɹi əl,
six-pack,'sɪk spæk,
sleigh, sleɪ,
spontaneous, spɑn 'teɪ ni ɪs,
stats, stæts,
stunning,'stʌ nɪŋ,
tab, tæb,
toasted,'toʊ stɪd,
toasting,'toʊ stɪŋ,
tolerate,'tɑ lɚ ɹeɪt,
toll, toʊl,
translate, ʧɹæn 'sleɪt,
translating, tɹænz 'leɪ ɾɪŋ,
tuxedo, tʌk 'si ɾoʊ,
wand, wɑnd,
affection, ʌ 'fɛk ʃən,
anchor,'eɪŋ kɚ,
anthropology, æn θɹə 'pɑ lə ʤi,
atom,'æ ɾəm,
author,'ɔ θɚ,
bait, beɪt,
blend, blɛnd,
blink, blɪŋk,
blinking,'blɪŋ kɪŋ,
brakes, bɹeɪks,
bred, bɹɛd,
breed, bɹid,
breeding,'bɹi ɾɪŋ,
brochure, bɹoʊ 'ʃuɚ,
clay, kleɪ,
correction, kə 'ɹɛk ʃən,
curly,'kɚ li,
custody,'kʌ stə di,
diversity, də 'vɚ sɪ ɾi,
dodge, dɑʤ,
drain, dɹeɪn,
dye, daɪ,
dynamite,'daɪ nə maɪt,
epic,'ɛ pɪk,
equation, ɪ 'kweɪ ʒɪn,
errand,'ɛ ɹɪnd,
exclusive, ɪk 'sklu sɪv,
halftime,'hæf taɪm,
hoop, hup,
invade, ɪn 'veɪd,
invasion, ɪn 'veɪ ʒən,
jealousy,'ʤɛ lə si,
jingle,'ʤɪŋ gəl,
judgemental, ʤəʤ 'mɛn təl,
judgmental, ʤəʤ 'mɛn təl,
kingdom,'kɪŋ dəm,
lollipop,'lɑ li pɑp,
manipulate, mə 'nɪ pjə leɪt,
max, mæks,
mechanic, mə 'kæ nɪk,
mode, moʊd,
narrow,'neɚ ɹoʊ,
oath, oʊθ,
odor,'oʊ ɾɚ,
outstanding, aʊt 'stæn dɪŋ,
owl,'aʊ wəl,
pope, poʊp,
pursuit, pɚ 'sut,
relied, ɹɪ 'laɪd,
relies, ɹɪ 'laɪz,
rely, ɹə 'laɪ,
relying, ɹɪ 'laɪ ɪŋ,
reputation, ɹɛ pjə 'teɪ ʃən,
restore, ɹə 'stoɚ,
restoring, ɹə 'stoɚ ɪŋ,
rhyme, ɹaɪm,
rum, ɹʌm,
scoop, skup,
shovel,'ʃʌ vəl,
spoiler,'spoɪ lɚ,
surface,'sɚ fɪs,
tweet, twit,
undercover, ʌn dɚ 'kʌ vɚ,
veteran,'vɛ ɾɚ ɹɪn,
viewer,'vju wɚ,
waxing,'wæk sɪŋ,
whine, waɪn,
whining,'waɪ nɪŋ,
windshield,'wɪnd ʃild,
arrival, ʌ 'ɹaɪ vəl,
babysit,'beɪ bi sɪt,
babysitting,'beɪ bi sɪ ɾɪŋ,
camel,'kæ məl,
cattle,'kæ ɾəl,
chalk, ʧɑk,
cheater,'ʧi ɾɚ,
clone, kloʊn,
cobra,'koʊ bɹə,
contribution, kɑn ʧɹə 'bju ʃən,
coughing,'kɑ fɪŋ,
devote, də 'voʊt,
dipped, dɪpt,
dipping,'dɪ pɪŋ,
ease, iz,
easing,'i zɪŋ,
erection, ɪ 'ɹɛk ʃən,
execute,'ɛk sə kjut,
executing,'ɛk sə kju ɾɪŋ,
experimenting, ɛk 'speɪ ɹə mɛ nɪŋ,
fireplace,'faɪ ɚ pleɪs,
fled, flɛd,
flee, fli,
fleeing,'fli ɪŋ,
flees, fliz,
flood, flʌd,
harming,'hɑɚ mɪŋ,
heritage,'hɛ ɹə tɪʤ,
housewife,'haʊ swaɪf,
ideal, aɪ 'di əl,
instructor, ɪn 'stɹʌk tɚ,
lease, lis,
leftover,'lɛf toʊ vɚ,
lieutenant, lu 'tɛ nənt,
lovable,'lʌ və bəl,
microphone,'maɪ kɹə foʊn,
nudity,'nu ɾɪ ɾi,
obligation, ɑ blɪ 'geɪ ʃən,
obsession, əb 'sɛ ʃən,
patrol, pə 'ʧɹoʊl,
salty,'sɑl ti,
setup,'sɛ tʌp,
shortly,'ʃoɚ tli,
sour,'saʊ wɚ,
spectacular, spɛk 'tæ kjə lɚ,
steroid,'steɪ ɹoɪd,
stomp, stɑmp,
survival, sɚ 'vaɪ vəl,
traitor,'tɹeɪ ɾɚ,
absurd, əb 'sɚd,
additional, ə 'dɪ ʃnəl,
advertise,'æd vɚ taɪz,
advertising,'æd vɚ taɪ zɪŋ,
appetizer,'æ pə taɪ zɚ,
attraction, ʌ 'ʧɹæk ʃən,
brick, bɹɪk,
canned, kænd,
caterer,'keɪ ɾɚ ɚ,
chilly,'ʧɪ li,
classmate,'klæ smeɪt,
conclude, kən 'klud,
consult, kən 'sʌlt,
consulted, kən 'sʌl tɪd,
consulting, kən 'sʌl tɪŋ,
consults, kən 'sʌlts,
correctly, kə 'ɹɛk tli,
cozy,'koʊ zi,
curiosity, kjʊ ɹi 'ɑ sə ɾi,
dorm, doɚm,
educate,'ɛ ʤə keɪt,
educational, ɛ ʤə 'keɪ ʃə nəl,
enthusiasm, ɪn 'θu zi æ zəm,
filth, fɪlθ,
fitness,'fɪt nɪs,
forgiveness, fɚ 'gɪv nɪs,
foul,'faʊ wəl,
genitals,'ʤɛ nə ɾəlz,
grip, gɹɪp,
gutter,'gʌ ɾɚ,
heroin,'hɛ ɹoʊ ən,
horribly,'hɔ ɹə bli,
household,'haʊ shoʊld,
HR,'eɪ ʧɑɚ,
infinite,'ɪn fə nət,
inject, ɪn 'ʤɛkt,
leaf, lif,
leap, lip,
legendary,'lɛ ʤən deɪ ɹi,
link, lɪŋk,
manly,'mæn li,
mass, mæs,
masterpiece,'mæ stɚ pis,
obnoxious, ʌb 'nɑk ʃəs,
Olympic, ə 'lɪm pɪk,
opener,'oʊ pə nɚ,
orientation, oɚ i ɛn 'teɪ ʃən,
origin,'oɚ ɹə ʤɪn,
orphan,'oɚ fən,
penalty,'pɛ nəl ti,
residence,'ɹɛ zɪ ɾəns,
scent, sɛnt,
shallow,'ʃæ loʊ,
shipment,'ʃɪp mɪnt,
siren,'siɚ ən,
soothe, suð,
soothed, suðd,
soothes, suðz,
soothing,'su ðɪŋ,
spank, speɪŋk,
strict, stɹɪkt,
strictest,'sʧɹɪk təst,
strongly,'stɹɔŋ li,
superpower, su pɚ 'paʊ ɚ,
violin, vaɪ ə 'lɪn,
wake-up,'weɪ kʌp,
acceptance, æk 'sɛp təns,
acquaintance, ə 'kweɪn təns,
acquire, ə 'kwaɪ ɚ,
alternative, ɔl 'tɚ nə ɾɪv,
anxious,'eɪŋk ʃəs,
applaud, ə 'plɔd,
capacity, kə 'pæ sɪ ɾi,
childish,'ʧaɪl dɪʃ,
cola,'koʊ lə,
detect, də 'tɛkt,
exotic, ɪg 'zɑ ɾɪk,
giggle,'gɪ gəl,
gnome, noʊm,
guidance,'gaɪ ɾəns,
historic, hɪ 'stɔ ɹɪk,
kosher,'koʊ ʃɚ,
limbo,'lɪm boʊ,
marvelous,'mɑɚ və lɪs,
minimum,'mɪ nə məm,
nauseous,'nɔ ʃəs,
nursing,'nɚ sɪŋ,
observation, ɑb zɚ 'veɪ ʃən,
obstacle,'ɑb stə kəl,
oral,'oɚ ɹəl,
overlook, oʊ vɚ 'lʊk,
philosophy, fə 'lɑ sə fi,
recorder, ɹɪ 'koɚ dɚ,
recruit, ɹə 'kɹut,
sexuality, sɛk ʃu 'wæ lə ɾi,
shenanigan, ʃə 'næ nɪ gən,
silk, sɪlk,
swipe, swaɪp,
topless,'tɑ pləs,
trauma,'tɹɔ mə,
unemployed, ʌn ɛm 'ploɪd,
unlikely, ʌn 'laɪ kli,
updated,'ʌp deɪ ɾɪd,
updating,'ʌp deɪ ɾɪŋ,
verdict,'vɚ dɪkt,
virginity, vɚ 'ʤɪ nɪ ɾi,
vitamin,'vaɪ ɾə mɪn,
X-ray,'ɛks ɹeɪ,
anthem,'æn θəm,
ashtray,'æʃ ʧɹeɪ,
assist, ə 'sɪst,
banker,'beɪŋ kɚ,
cafe, kæ 'feɪ,
caffeine, kæ 'fin,
con, kɑn,
container, kən 'teɪ nɚ,
convenient, kən 'vi njənt,
convict, kən 'vɪkt,
cord, koɚd,
courthouse,'koɚt haʊs,
criticism,'kɹɪ ɾɪ sɪ zəm,
crown, kɹaʊn,
curb, kɚb,
delight, də 'laɪt,
distant,'dɪ stənt,
dizzy,'dɪ zi,
erotic, ɪ 'ɹɑ ɾɪk,
eyeball,'aɪ bɑl,
facial,'feɪ ʃəl,
flap, flæp,
freshen,'fɹɛ ʃən,
galaxy,'gæ lək si,
guardian,'gɑɚ di ən,
highlight,'haɪ laɪt,
hoard, hoɚd,
hoarding,'hoɚ dɪŋ,
hygiene,'haɪ ʤin,
institution, ɪn stɪ 'tu ʃən,
keeper,'ki pɚ,
lettuce,'lɛ ɾəs,
maiden,'meɪ ɾən,
membership,'mɛm bɚ ʃɪp,
mild,'maɪ əld,
misery,'mɪ zɚ ɹi,
mistaken, mɪ 'steɪ kən,
mixer,'mɪk sɚ,
parlor,'pɑɚ lɚ,(business)
platter,'plæ ɾɚ,
pointy,'poɪn ti,
poorly,'puɚ li,
population, pɑ pjə 'leɪ ʃən,
psychology, saɪ 'kɑ lə ʤi,
riskiest,'ɹɪ ski əst,
risky,'ɹɪ ski,
robber,'ɹɑ bɚ,
runner,'ɹʌ nɚ,
runway,'ɹʌ nweɪ,
scholarship,'skɑ lɚ ʃɪp,
slim, slɪm,
slimmest,'slɪ məst,
swimsuit,'swɪm sut,
temporary,'tɛm pɚ ɹeɪ ɹi,
tequila, tə 'ki lə,
thankful,'θeɪŋk fʊl,
triple,'tɹɪ pəl,
urinate,'jɚ ə neɪt,
valid,'væ lɪd,
administration, æd mɪ nɪ 'stɹeɪ ʃən,
auction,'ɔk ʃɪn,
billboard,'bɪl boɚd,
bouquet, bu 'keɪ,(flower; not boutique = niche luxury store)
bourbon,'bɚ bən,
brainwash,'bɹeɪ nwɑʃ,
breakdown,'bɹeɪk daʊn,
calf, kæf,(young cow/whale/elephant/giraffe or human leg)
caramel,'kæɚ məl,
cease, sis,
cheesy,'ʧi zi,
choir,'kwaɪ ɚ,
cocky,'kɑ ki,
contraction, kən 'ʧɹæk ʃən,
creator, kɹi 'jeɪ ɾɚ,
drip, dɹɪp,
espresso, ɛ 'spɹɛ soʊ,
essence,'ɛ səns,
exclamation, ɛk sklə 'meɪ ʃən,
experimental, ɪk speɚ ə 'mɛn təl,
faculty,'fæ kəl ti,
finale, fə 'næ li,
flaw, flɔ,
floss, flɑs,
gallon,'gæ lən,
gardener,'gɑɚd nɚ,
greasy,'gɹi si,
hammock,'hæ mək,
HIV,'eɪ ʧaɪ vi,
hostess,'hoʊ stəs,
initiative, ɪ 'nɪ ʃə ɾɪv,
liver,'lɪ vɚ,
mermaid,'mɚ meɪd,
mingle,'mɪŋ gəl,
mingling,'mɪŋ glɪŋ,
moose, mus,
mosquito, mə 'ski ɾoʊ,
mural,'mjʊ ɹəl,(graffati)
non, nɑn,
orchestra,'oɚ kə stɹə,
orphanage,'oɚ fə nəʤ,
pimple,'pɪm pəl,
portal,'poɚ ɾəl,
prick, pɹɪk,
psychological, saɪ kə 'lɑ ʤɪ kəl,
rebuild, ɹi 'bɪld,
rebuilt, ɹi 'bɪlt,
reckon,'ɹɛ kɪn,(to estimate)
reckoning,'ɹɛ kə nɪŋ,
recovery, ɹɪ 'kʌ vɚ ɹi,
rip-off,'ɹɪ 'pɔf,
simulate,'sɪ mjə leɪt,
simulation, sɪ mjə 'leɪ ʃən,
squad, skwɑd,
stew, stu,(stew = meat-heavy soup)
technical,'tɛk nɪ kəl,
tolerance,'tɑ lɚ ɹɪns,
tribute,'tɹɪ bjut,(tribute to X = appreciation of X)
trigger,'tɹɪ gɚ,
vice, vaɪs,
wilderness,'wɪl dɚ nɪs,
worm, wɚm,
accomplishment, ə 'kɑm plɪ ʃmənt,
admission, ɪd 'mɪ ʃən,
aging,'eɪ ʤɪŋ,
beside, bə 'saɪd,(beside: next to / besides: in addition to)
cabbage,'kæ bɪʤ,
cocaine, koʊ 'keɪn,
colorful,'kʌ lɚ fəl,
controversial, kɑn ʧɹə 'vɚ ʃəl,
courtroom,'koɚ ʧɹum,
crispy,'kɹɪ spi,
delay, də 'leɪ,
delayed, dɪ 'leɪd,
delaying, dɪ 'leɪ ɪŋ,
delays, dɪ 'leɪz,
domestic, də 'mɛ stɪk,
eastern,'i stɚn,
easternmost,'i stɚn moʊst,
elsewhere,'ɛl sweɚ,
ex-husband,'ɛk shʌz bənd,
exaggerate, ɪg 'zæ ʤɚ ɹeɪt,
exercising,'ɛk sɚ saɪ zɪŋ,
father-in-law,'fɑ ðɚ ɪn lɔ,
feces,'fi siz,
formula,'foɚ mjə lə,
freeway,'fɹi weɪ,
grownup,'gɹoʊ nʌp,
hallelujah, hæ lə 'lu jə,(priase the lord - yahweh)
hostile,'hɑ stəl,
hurtful,'hɚt fəl,
industrial, ɪn 'dʌ stɹi əl,
intern, ɪn 'tɚ,
ironically, aɪ 'ɹɑ nɪ kli,
irrelevant, ɪ 'ɹɛ lə vənt,
isolate,'aɪ sə leɪt,
knot, nɑt,
landlord,'lænd loɚd,
leadership,'li ɾɚ ʃɪp,
majesty,'mæ ʤə sti,
memorial, mə 'moɚ i əl,
merge, mɚʤ,
merging,'mɚ ʤɪŋ,
monologue,'mɑ nə lɔg,
orgy,'oɚ ʤi,
overdue, oʊ vɚ 'du,
permit, pɚ 'mɪt,
postpone, poʊst 'poʊn,
rag, ɹɑg,
registration, ɹɛ ʤɪ 'stɹeɪ ʃən,
rhythm,'ɹɪ ðəm,(cadence)
screwdriver,'skɹu dɹaɪ vɚ,
scuba,'sku bə,
selection, sə 'lɛk ʃɪn,
shell, ʃɛl,
sincerely, sɪn 'siɚ li,
startle,'stɑɚ ɾəl,
stripe, stɹaɪp,"(strip = long piece of sth, or remove / stripe = alternating lines)"
stroller,'stɹoʊ lɚ,
stud, stʌd,
subscription, səb 'skɹɪp ʃən,
sunrise,'sʌn ɹaɪz,
unconscious, ʌn 'kɑn ʧɪs,
underestimate,'ʌn dɚ ɛ stə mət,
unique, ju 'nik,
various,'veɚ ɹi ɪs,
vein, veɪn,
weep, wip,(weep: crying quietly)
wept, wɛpt,
whiskey,'wɪ ski,
witty,'wɪ ɾi,
0,'zi ɹoʊ,
1, wʌn,
2, tu,
3, θɹi,
4, foɚ,
5, faɪv,
6, sɪks,
7,'sɛ vɪn,
9, naɪn,
10, tɛn,
bath, bæθ,
Canada,'kæ nə ɾʌ,
deserter,'dɛ zɚ ɾɚ,
eight, eɪt,
Github,'gɪt həb,
itchy,'ɪ ʧi,
letter - a, eɪ,see LL1 
letter - b, bi,
letter - c, si,
letter - d, di,
letter - e, i,
letter - f, ɛf,
letter - g, ʤi,
letter - h, eɪʧ,
letter - i, aɪ,
letter - j, ʤeɪ,
letter - k, keɪ,
letter - l, ɛl,
letter - m, ɛm,
letter - n, ɛn,
letter - o, oʊ,
letter - p, pi,
letter - q, kju,
letter - r, ɑɚ,
letter - s, ɛs,
letter - t, ti,
letter - u, ju,
letter - v, vi,
letter - w,'dʌ bəl ju,
letter - x, æks,
letter - y, waɪ,
letter - z, zi,
non-stop, nɑn 'stɑp,
nonsmoker, nɑn 'smoʊ kɚ,
nonstarter, nɑn 'stɑɚ tɚ,
Uber,'u bɚ,
utensil, ju 'tɛn səl,
yucky,'jʌ ki,
ensure, ɪn 'ʃɚ,